County,Location Number,Location,Address,Zip Code,Dates Available,Hours,Early Voting Location,Note,Latitude,Longitude
Alachua,1,Alachua County Supervisor of Elections Office,"515 N. Main St., Suite 100, Gainesville,FL",32601,From when VBM ballots are mailed out to Election Day at 7pm,24/7,Yes,Dropbox is located outside of building,29.65636,-82.3248
Alachua,2,Tower Road Branch Library,"3020 SW 75th St., Gainesville, FL",32608,October 19th - October 31st,9:00 a.m. to 6:00 p.m.,Yes,,29.62575,-82.4232
Alachua,3,Millhopper Branch Library,"3145 NW 43rd St., Gainesville, FL",32606,October 19th - October 31st,9:00 a.m. to 6:00 p.m.,Yes,,29.68206,-82.3879
Alachua,4,Legacy Park Multipurpose Center,"15400 Peggy Road, Alachua, FL",32615,October 19th - October 31st,9:00 a.m. to 6:00 p.m.,Yes,,29.78589,-82.5045
Alachua,5,Orange Heights Baptist Church,"16700 NE SR 26, Hawthorne, FL",32640,October 19th - October 31st,9:00 a.m. to 6:00 p.m.,Yes,,29.71658,-82.1423
Alachua,6,J. Wayne Reitz Union,"655 Reitz Union Drive, Ground Floor of the Career Connections Center, University of Florida Campus, Gainesville, FL",32611,October 19th - October 31st,9:00 a.m. to 6:00 p.m.,Yes,,29.64623,-82.348
Baker,1,Baker Supervisor of Elections Office,"32 N 5th St., Macclenny, FL",32063,From when VBM ballots are mailed out to Election Day at 7pm,24/7,Yes,Dropbox is located outside of building,30.28292,-82.1224
Bay,1,Lyndell Conference Center,"423 Lyndell LN, Panama City Beach, FL ",32407,October 24th - November 2nd,7:00 a.m. to 7:00 p.m.,Super Voting Center,,30.19794,-85.8301
Bay,2,Frank Nelson Building,"4201 W 22nd St, Panama City, FL",32405,October 24th - November 2nd,7:00 a.m. to 7:00 p.m.,Super Voting Center,,30.18826,-85.7146
Bay,3,Robert's Hall,"831 Florida Ave, Lynn Haven, FL ",32444,October 24th - November 2nd,7:00 a.m. to 7:00 p.m.,Super Voting Center,,30.24544,-85.6495
Bay,4,Palo Alto Church of Christ,"3119 N Hwy 231, Panama City, FL",32405,October 24th - November 2nd,7:00 a.m. to 7:00 p.m.,Super Voting Center,,30.2088,-85.6152
Bay,5,Parkway Presbyterian Church,"505 S Tyndall Pkwy, Panama City, FL",32404,October 24th - November 2nd,7:00 a.m. to 7:00 p.m.,Super Voting Center,,30.13778,-85.5906
Bay,6,Bay County Supervisor of Elections Office,"830 W 11th St, Panama City, FL",32401,October 24th - November 2nd,7:00 a.m. to 7:00 p.m.,Super Voting Center,,30.17026,-85.6724
Bay,7,Glenwood Community Center,"722 E 9th Ct, Panama City, FL",32401,October 24th - November 2nd,7:00 a.m. to 7:00 p.m.,Super Voting Center,,30.16506,-85.6492
Bay,8,LaQuinta Inn,"7115 Coastal Palms Blvd, Panama City Beach, FL ",32408,November 2nd,7:00 a.m. to 7:00 p.m.,Super Voting Center,,30.17437,-85.7616
Bay,9,Woodstock Church of Panama City Beach,"17495 Panama Beach Pkwy, Panama City Beach, FL ",32413,November 2nd,7:00 a.m. to 7:00 p.m.,Super Voting Center,,30.3103,-85.9053
Bay,10,Sand Hills Fire Station,"13010 Hwy 77, Southport, FL",32409,November 2nd,7:00 a.m. to 7:00 p.m.,Super Voting Center,,30.38658,-85.6844
Bay,11,Youngstown Fire Station,"11771 Hwy 231, Youngstown, FL",32466,November 2nd,7:00 a.m. to 7:00 p.m.,Super Voting Center,,30.36024,-85.4393
Bay,12,Fountain Fire Station,"17822 Center Dr, Fountain, FL",32438,November 2nd,7:00 a.m. to 7:00 p.m.,Super Voting Center,,30.47881,-85.4197
Bay,13,1st Baptist of Mexico Beach,"823 N 15th St, Mexico Beach, FL",32456,November 2nd,7:00 a.m. to 7:00 p.m.,Super Voting Center,,29.94206,-85.3955
Bay,14,Salvation Army ,"2601 S Hwy 77, Lynn Haven, FL",32444,November 2nd,7:00 a.m. to 7:00 p.m.,Super Voting Center,New Early Voting location,30.21789,-85.6482
Bay,15,Supervisor of Elections Office,"830 W. 11th St., Panama City, FL",32401,From when VBM ballots are mailed out to Election Day at 7pm,24/7,No,Dropbox is located outside of building,30.17026,-85.6724
Bradford,1,Bradford County Courthouse/Supervisor of Elections Office,"945 N Temple Ave, STE C, Starke, FL",32091,From when VBM ballots are mailed out to Election Day at 7pm,24/7,Yes,Dropbox is located outside of the North Wing of the Courthouse,29.95423,-82.1079
Brevard,1,Titusville Elections Office,"400 South St, Titusville, FL",32780,From when VBM ballots are mailed out to Election Day at 7pm,24/7,Yes,Dropbox is located outside of building,28.60796,-80.8093
Brevard,2,Kiwanis Island Park Gymnasium,"950 Kiwanis Island Park Rd, Merritt Island, FL",32952,October 19th - October 31st,8:00 a.m. to 6:00 p.m. on weekdays; 8:00 a.m. to 4:00 p.m. on Weekends,Yes,,28.36203,-80.6765
Brevard,3,Dr. Joe Lee Smith Community Center,"415 Stone St, Cocoa, FL",32922,October 19th - October 31st,8:00 a.m. to 6:00 p.m. on weekdays; 8:00 a.m. to 4:00 p.m. on Weekends,Yes,,28.35475,-80.7352
Brevard,4,Viera Regional Community Center,"2300 Judge Fran Jamieson Way, Viera, FL",32940,October 19th - October 31st,8:00 a.m. to 6:00 p.m. on weekdays; 8:00 a.m. to 4:00 p.m. on Weekends,Yes,,28.25204,-80.7279
Brevard,5,David R. Schechter Community Center,"1089 South Patrick Dr, Satellite Beach, FL",32937,October 19th - October 31st,8:00 a.m. to 6:00 p.m. on weekdays; 8:00 a.m. to 4:00 p.m. on Weekends,Yes,,28.18379,-80.6052
Brevard,6,Wickham Park Community Center,"2815 Leisure Way, Melbourne, FL",32935,October 19th - October 31st,8:00 a.m. to 6:00 p.m. on weekdays; 8:00 a.m. to 4:00 p.m. on Weekends,Yes,,28.16352,-80.6625
Brevard,7,Max K. Rodes Park Community Center,"3410 Flanagan Ave, West Melbourne, FL",32904,October 19th - October 31st,8:00 a.m. to 6:00 p.m. on weekdays; 8:00 a.m. to 4:00 p.m. on Weekends,Yes,,28.0611,-80.6829
Brevard,8,Tony Rosa Palm Bay Community Center,"1502 Port Malabar Blvd NE, Palm Bay, FL",32905,October 19th - October 31st,8:00 a.m. to 6:00 p.m. on weekdays; 8:00 a.m. to 4:00 p.m. on Weekends,Yes,,28.0158,-80.6035
Brevard,9,Ted Whitlock Community Center,"370 Championship Cir NW, Palm Bay, FL ",32907,October 19th - October 31st,8:00 a.m. to 6:00 p.m. on weekdays; 8:00 a.m. to 4:00 p.m. on Weekends,Yes,,28.00784,-80.7332
Brevard,10,Palm Bay Elections Office,"450 Cogan Dr SE, Palm Bay, FL ",32909,From when VBM ballots are mailed out to Election Day at 7pm,24/7,Yes,Dropbox is located outside of building,27.94589,-80.6576
Brevard,11,Melbourne Elections Office,"1515 Sarno Rd., Melbourne, FL ",32935,From when VBM ballots are mailed out to Election Day at 7pm,24/7,No,Dropbox is located outside of building,28.12098,-80.6445
Brevard,12,Viera Elections Office,"2725 Judge Fran Jamieson Way, Viera, FL",32940,From when VBM ballots are mailed out to Election Day at 7pm,24/7,No,Dropbox is located outside of building,28.24629,-80.736
Broward,1,African-American Research Library,"2650 Sistrunk Boulevard, Ft. Lauderdale, FL",33311,October 19th - November 1st,7:00 a.m. to 7:00 p.m.,Yes,,26.12836,-80.1772
Broward,2,Northwest Regional Library,"3151 University Drive, Coral Springs, FL",33065,October 19th - November 1st,7:00 a.m. to 7:00 p.m.,Yes,,26.27006,-80.2485
Broward,3,Broward Health North,"Conference Room, 201 E. Sample Road, Deerfield Beach, FL",33064,October 19th - November 1st,7:00 a.m. to 7:00 p.m.,Yes,,26.2785,-80.1153
Broward,4,Nova Southeastern University,"Huizenga College of Business, 3301 College Ave.L Room 1048 & 1049, Davie, FL",33314,October 19th - November 1st,7:00 a.m. to 7:00 p.m.,Yes,,26.06967,-80.2246
Broward,5,Coral Ridge Mall,"North or Northwest Entrance, 3200 N. Federal Highway, Ft. Lauderdale, FL",33306,October 19th - November 1st,7:00 a.m. to 7:00 p.m.,Yes,,26.16561,-80.1118
Broward,6,Pine Trails Park Amphitheater,"10555 Trails End, Parkland, FL",33076,October 19th - November 1st,7:00 a.m. to 7:00 p.m.,Yes,,26.32394,-80.2671
Broward,7,Davie/Cooper City Library,"4600 SW 82nd Avenue, Davie, FL",33328,October 19th - November 1st,7:00 a.m. to 7:00 p.m.,Yes,,26.06383,-80.2557
Broward,8,E Pat Larkins Community Center,"520 Martin Luther King Boulevard, Pompano Beach, FL",33060,October 19th - November 1st,7:00 a.m. to 7:00 p.m.,Yes,,26.23477,-80.1206
Broward,9,Emma Lou Olson Civic Center,"1801 NE 6th St., Pompano Beach, FL",33060,October 19th - November 1st,7:00 a.m. to 7:00 p.m.,Yes,,26.23721,-80.106
Broward,10,Lauderhill Mall,"1519 NW 40th Ave Lauderhill, FL",33313,October 19th - November 1st,7:00 a.m. to 7:00 p.m.,Yes,,26.1458,-80.2031
Broward,11,Ft. Lauderdale Branch Library,"1350 E. Sunrise Boulevard, Room 130, Ft. Lauderdale, FL",33304,October 19th - November 1st,7:00 a.m. to 7:00 p.m.,Yes,,26.13396,-80.1327
Broward,12,South Regional Library,"7300 Pines Boulevard, Pembroke Pines, FL",33024,October 19th - November 1st,7:00 a.m. to 7:00 p.m.,Yes,,26.00935,-80.2352
Broward,13,Hallandale Beach Cultural Community Center,"410 SE 3rd Street, Hallandale Beach, FL",33009,October 19th - November 1st,7:00 a.m. to 7:00 p.m.,Yes,,25.98192,-80.1442
Broward,14,Southwest Regional Library,"16835 Sheridan Street, Pembroke Pines, FL",33331,October 19th - November 1st,7:00 a.m. to 7:00 p.m.,Yes,,26.03099,-80.3732
Broward,15,Miramar Branch Library,"2050 Civic Center Place, Miramar, FL",33025,October 19th - November 1st,7:00 a.m. to 7:00 p.m.,Yes,,25.98815,-80.3014
Broward,16,Tamarac Branch library,"8701 W. Commercial Boulevard, Tamarac, FL",33321,October 19th - November 1st,7:00 a.m. to 7:00 p.m.,Yes,,26.1944,-80.2669
Broward,17,Hollywood Branch Library,"2600 Hollywood Blvd, Hollywood, FL",33020,October 19th - November 1st,7:00 a.m. to 7:00 p.m.,Yes,,26.01123,-80.1592
Broward,18,West Regional Library,"8601 W. Broward Boulevard, Plantation, FL",33324,October 19th - November 1st,7:00 a.m. to 7:00 p.m.,Yes,,26.12091,-80.2646
Broward,19,Nob Hill Soccer Club,"10200 Sunset Strip, Sunrise, FL",33322,October 19th - November 1st,7:00 a.m. to 7:00 p.m.,Yes,,26.15238,-80.2859
Broward,20,Weston Branch library,"4205 Bonaventure Boulevard, Weston, FL",33332,October 19th - November 1st,7:00 a.m. to 7:00 p.m.,Yes,,26.06778,-80.3945
Broward,21,North Regional Library,"1100 Coconut Creek Boulevard, Coconut Creek, FL",33066,October 19th - November 1st,7:00 a.m. to 7:00 p.m.,Yes,,26.24412,-80.172
Broward,22,Women's Club of Wilton Manors,"600 NE 21st Court, Wilton Manors, FL",33305,October 19th - November 1st,7:00 a.m. to 7:00 p.m.,Yes,,26.15423,-80.1382
Broward,23,Voting Equipment Center at the Lauderhill Mall,"1501 N.W. 40th Ave., Lauderhill, FL",33313,From when VBM ballots are mailed out to Election Day at 7pm,24/7,No,Near Rear Entrance,26.14578,-80.2031
Broward,24,Broward County Administration Building,"115 South Andrews Ave., Fort Lauderdale, FL",33301,From when VBM ballots are mailed out to Election Day at 7pm,24/7,No,Near Brickell Avenue Entrance,26.12107,-80.144
Calhoun,1,Calhoun County Supervisor of Elections Office,"20859 Central Ave, # G10, Blountstown, FL",32424,From when VBM ballots are mailed out to Election Day at 7pm,24/7,Yes,Located at the entrance of the SOE office,30.44321,-85.0419
Calhoun,2,Shelton's Park Public Library,"25008 NW SR 73, Altha, FL",32421,October 24th - October 31st,10:00 a.m. to 6:00 p.m.,Yes,New Location,30.49188,-85.158
Charlotte,1,Mac V. Horton West County Annex,"6868 San Casa Dr., Englewood, FL",34224,October 19th - November 1st,7:00 a.m. to 7:00 p.m.,Yes,,26.92162,-82.3126
Charlotte,2,Mid-County Regional Library,"2050 Forrest Nelson Blvd., Port Charlotte, FL",33952,October 19th - November 1st,7:00 a.m. to 7:00 p.m.,Yes,,27.0009,-82.1225
Charlotte,3,Punta Gorda Historic Courthouse/SOE office,"226 Taylor St., Punta Gorda, FL",33950,October 19th - November 1st,7:00 a.m. to 7:00 p.m.,Yes,,26.9346,-82.0503
Citrus,1,Central Ridge Library,"425 W Roosevelt Blvd, Beverly Hills, FL",34465,October 19th - October 31st,8:00 a.m. to 6:00 p.m.,Yes,,28.911,-82.4419
Citrus,2,Supervisor of Elections Office,"1500 N Meadowcrest Blvd, Crystal River, FL",34428,From when VBM ballots are mailed out to Election Day at 7pm,24/7,Yes,Drop box is located outside. New SOE office location.,28.88398,-82.5418
Citrus,3,Homosassa Public Library,"4100 S Grandmarch Ave, Homosassa, FL",34446,October 19th - October 31st,8:00 a.m. to 6:00 p.m.,Yes,,28.80315,-82.5683
Citrus,4,Inverness City Hall,"212 W Main St., Inverness, FL",34450,October 19th - October 31st,8:00 a.m. to 6:00 p.m.,Yes,,28.83637,-82.3322
Clay,1,Orange Park Library,"2054 Plainfield Ave, Orange Park, FL",32073,October 19th - October 31st,7:00 a.m. to 7:00 p.m.,Yes,,30.1645,-81.7071
Clay,2,Fleming Island Library,"1895 Town Center Blvd, Fleming Island, FL",32003,October 19th - October 31st,7:00 a.m. to 7:00 p.m.,Yes,,30.09282,-81.7106
Clay,3,Supervisor of Elections Office,"500 N Orange Ave, Green Cove Springs, FL",32043,From when VBM ballots are mailed out to Election Day at 7pm,24/7,Yes,Drop box is located outside.,29.99795,-81.6811
Clay,4,Middleburg Civic Center,"2102 Palmetto St, Middleburg, FL",32068,October 19th - October 31st,7:00 a.m. to 7:00 p.m.,Yes,,30.07099,-81.8624
Clay,5,Keystone Hghts City Hall,"555 S Lawrence Blvd., Keystone Heights, FL",32656,October 19th - October 31st,7:00 a.m. to 7:00 p.m.,Yes,,29.78094,-82.0303
Clay,6,Eagle Landing Residents Club,"3975 Eagle Landing Pkwy, Orange Park, FL ",32065,October 19th - October 31st,7:00 a.m. to 7:00 p.m.,Yes,,30.1635,-81.8505
Clay,7,Thrasher-Horne Conf Cntr,"283 College Dr, Orange Park, FL ",32065,October 19th - October 31st,7:00 a.m. to 7:00 p.m.,Yes,,30.11752,-81.7744
Collier,1,Supervisor of Elections Office,"3750 Enterprise Ave, Naples, FL ",34104,From when VBM ballots are mailed out to Election Day at 7pm,24/7,Yes,Drop box is located outside.,26.16043,-81.7623
Collier,2,Cambier Park Norris Center,"755 8TH Ave S, Naples, FL",34102,October 19th - October 31st,9:00 a.m. to 6:00 p.m.,Yes,,26.13868,-81.7964
Collier,3,North Collier Regional Park,"15000 Livingston Rd, Naples, FL",34109,October 19th - October 31st,9:00 a.m. to 6:00 p.m.,Yes,,26.2642,-81.7514
Collier,4,Library Headquarters,"2385 Orange Blossom Dr, Naples, FL ",34109,October 19th - October 31st,9:00 a.m. to 6:00 p.m.,Yes,,26.23349,-81.7701
Collier,5,Golden Gate Community Center,"4701 Golden Gate Pkwy, Naples, FL",34116,October 19th - October 31st,9:00 a.m. to 6:00 p.m.,Yes,,26.18409,-81.7032
Collier,6,Marco Island Library,"210 S Heathwood Dr, Marco Island, FL ",34145,October 19th - October 31st,9:00 a.m. to 6:00 p.m.,Yes,,25.93245,-81.715
Collier,7,Immokalee Community Park,"321 N 1ST St, Immokalee, FL ",34142,October 19th - October 31st,9:00 a.m. to 6:00 p.m.,Yes,,26.42251,-81.4175
Collier,8,Everglades City Hall,"102 Copeland Ave N, Everglades City, FL",34139,October 19th - October 31st,9:00 a.m. to 6:00 p.m.,Yes,,25.85792,-81.3845
Collier,9,Collier County Government Complex,"3311 Tamiami Trl E, Naples, FL",34112,October 19th - October 31st,9:00 a.m. to 6:00 p.m.,Yes,,26.12825,-81.765
Collier,10,North Collier Government Center,"2335 Orange Blossom Drive, Naples, FL",34109,From when VBM ballots are mailed out to Election Day at 7pm,9:00 a.m. to 6:00 p.m.,No,,26.23319,-81.772
Columbia,1,Main Office of the Supervisor of Elections,"971 W. Duval Street, Lake City, FL",32055,From when VBM ballots are mailed out to Election Day at 7pm,24/7,Yes,Drop box is located outside.,30.18746,-82.6513
Columbia,2,Fort White SOE Office,"17579 SW State Road 47, Fort White, FL",32038,From when VBM ballots are mailed out to Election Day at 7pm,24/7,Yes,Drop box is located outside.,29.93368,-82.7113
DeSoto,1,Supervisor of Elections Office,"201 E. Oak Street, Room 104, Arcadia, FL",34266,From when VBM ballots are mailed out to Election Day at 7pm,24/7,Yes,There are two drop boxes: one outside and one inside,27.2148,-81.8574
Dixie,1,Supervisor of Elections Office,"229 NE 351 Hwy, Cross City, FL",32628,From when VBM ballots are mailed out to Election Day at 7pm,24/7,Yes,Drop box is located outside.,29.63686,-83.1234
Duval,1,Supervisor of Elections Office,"105 E Monroe St, Jacksonville, FL ",32202,From when VBM ballots are mailed out to Election Day at 7pm,24/7,Yes,Drop box is located outside. ,30.32822,-81.656
Duval,2,Argyle Branch Library,"7973 Old Middleburg Rd S, Jacksonville, FL",32222,October 19th - November 1st,7:00 a.m. to 7:00 p.m.,Yes,Drive-Thru available.,30.20126,-81.8212
Duval,3,Beaches Branch Library,"600 3rd St, Neptune Beach, FL",32266,October 19th - November 1st,7:00 a.m. to 7:00 p.m.,Yes,Drive-Thru available.,30.31973,-81.3981
Duval,4,Bradham & Brooks Branch Library,"1755 Edgewood Ave W, Jacksonville, FL",32208,October 19th - November 1st,7:00 a.m. to 7:00 p.m.,Yes,Drive-Thru available.,30.38675,-81.6865
Duval,5,Gateway Town Center,"910 W 44th St, Jacksonville, FL",32208,October 19th - November 1st,7:00 a.m. to 7:00 p.m.,Yes,Drive-Thru available.,30.36909,-81.6677
Duval,6,Highlands Regional Library,"1826 Dunn Ave, Jacksonville, FL ",32218,October 19th - November 1st,7:00 a.m. to 7:00 p.m.,Yes,Drive-Thru available.,30.43422,-81.6759
Duval,7,Legends Community Center,"5130 Soutel Dr, Jacksonville, FL",32208,October 19th - November 1st,7:00 a.m. to 7:00 p.m.,Yes,Drive-Thru available.,30.39393,-81.7272
Duval,8,Mandarin Branch Library,"3330 Kori Rd, Jacksonville, FL ",32257,October 19th - November 1st,7:00 a.m. to 7:00 p.m.,Yes,Drive-Thru available.,30.2054,-81.6206
Duval,9,Murray Hill United Methodist Church,"4101 College St, Jacksonville, FL ",32205,October 19th - November 1st,7:00 a.m. to 7:00 p.m.,Yes,Drive-Thru available.,30.31466,-81.7215
Duval,10,Oceanway Community Center,"12215 Sago Ave W, Jacksonville, FL ",32218,October 19th - November 1st,7:00 a.m. to 7:00 p.m.,Yes,Drive-Thru available.,30.45913,-81.6313
Duval,11,Pablo Creek Regional Library,"13295 Beach Blvd, Jacksonville, FL ",32246,October 19th - November 1st,7:00 a.m. to 7:00 p.m.,Yes,Drive-Thru available.,30.28821,-81.4734
Duval,12,Regency Square Branch Library,"9900 Regency Square Blvd, Jacksonville, FL",32225,October 19th - November 1st,7:00 a.m. to 7:00 p.m.,Yes,Drive-Thru available.,30.3257,-81.5427
Duval,13,San Marco Branch Library,"1513 LaSalle St, Jacksonville, FL",32207,October 19th - November 1st,7:00 a.m. to 7:00 p.m.,Yes,Drive-Thru available.,30.30915,-81.6541
Duval,14,South Mandarin Branch Library,"12125 San Jose Blvd, Jacksonville, FL",32223,October 19th - November 1st,7:00 a.m. to 7:00 p.m.,Yes,Drive-Thru available.,30.15019,-81.6321
Duval,15,Southeast Regional Library,"10599 Deerwood Park Blvd, Jacksonville, FL ",32256,October 19th - November 1st,7:00 a.m. to 7:00 p.m.,Yes,Drive-Thru available.,30.24861,-81.5395
Duval,16,University Park Branch Library,"3435 University Blvd N, Jacksonville, FL ",32277,October 19th - November 1st,7:00 a.m. to 7:00 p.m.,Yes,Drive-Thru available.,30.36142,-81.606
Duval,17,Webb-Wesconnett Regional Library,"6887 103rd St, Jacksonville, FL ",32210,October 19th - November 1st,7:00 a.m. to 7:00 p.m.,Yes,Drive-Thru available.,30.24902,-81.757
Duval,18,West Branch Library,"1425 Chaffee Rd S, Jacksonville, FL ",32221,October 19th - November 1st,7:00 a.m. to 7:00 p.m.,Yes,Drive-Thru available.,30.29439,-81.8478
Duval,19,FSCJ - Deerwood Center,"9911 Old Baymeadows Rd., Jacksonville, FL",32256,October 19th - November 1st,7:00 a.m. to 7:00 p.m.,Yes,Drive-Thru available.,30.22187,-81.5534
Escambia,1,Supervisor of Elections Office,"213 Palafox Pl, Pensacola, FL",32502,From when VBM ballots are mailed out to Election Day at 7pm,24/7,Yes,Drop box is located outside,30.41,-87.2151
Escambia,2,Main Library,"239 Spring Street, Pensacola, FL",32502,October 19th - October 31st,TBD,Yes,,30.41565,-87.2192
Escambia,3,Molino Community Center,"6450-A Highway 95A, Molino, FL",32577,October 19th - October 31st,TBD,Yes,,30.71588,-87.3378
Escambia,4,Genealogy Branch Library,"5740 B, 9th Avenue, Pensacola, FL",32504,October 19th - October 31st,TBD,Yes,,30.48161,-87.2047
Escambia,5,"Southwest Branch Library,","12248 Gulf Beach Highway, Pensacola, FL",32507,October 19th - October 31st,TBD,Yes,,30.32241,-87.4031
Escambia,6,Pensacola Interstate Fairgrounds,"6655 Mobile Highway, Bellview, FL",32526,October 19th - October 31st,TBD,Yes,,30.4727,-87.3116
Escambia,7,Escambia County Extension,"3740 Stefani Road, Cantonment, FL",32533,October 19th - October 31st,TBD,Yes,,30.54302,-87.299
Escambia,8,Brownsville Community Center,"3200 W. DeSoto Street, Pensacola, FL",32505,October 19th - October 31st,TBD,Yes,,30.4232,-87.2535
Escambia,9,University of West Florida Conference Center,"11000 University Pkwy, Pensacola, FL",32514,October 19th - October 31st,TBD,Yes,,30.54287,-87.2182
Flagler,1,Flagler County Supervisor Of Elections Office,"1769 E. Moody Boulevard, Bunnell, FL",32110,From when VBM ballots are mailed out to Election Day at 7pm,24/7,Yes,Drop box is located outside,29.4728,-81.2465
Flagler,2,Flagler County Public Library,"2500 Palm Coast Parkway NW, Palm Coast, FL",32137,October 19th - October 31st,10:00 a.m. to 6:00 p.m.,Yes,,29.55534,-81.2385
Flagler,3,Palm Coast Community Center,"305 Palm Coast Parkway NE, Palm Coast, FL",32137,October 19th - October 31st,10:00 a.m. to 6:00 p.m.,Yes,,29.55807,-81.2031
Franklin,1,Supervisor of Elections Office,"47 Ave F, Apalachicola, FL",32320,From when VBM ballots are mailed out to Election Day at 7pm,24/7,Yes,There are two drop boxes: one outside and one inside,29.72494,-84.9892
Franklin,2,Carrabelle courthouse annex,"912 N.W. Avenue A, Carrabelle, FL",32322,From when VBM ballots are mailed out to Election Day at 7pm,24/7,Yes,There are two drop boxes: one outside and one inside,29.85298,-84.673
Gadsden,1,Supervisor of Elections Office,"16 S. Madison St., Quincy, FL",32351,From when VBM ballots are mailed out to Election Day at 7pm,24/7,Yes,Drop box is located outside,30.58802,-84.5758
Gadsden,2,Midway City Hall,"60 MLK Blvd., Midway, FL",32343,October 19th - November 1st,9:00 am to 6:00pm,,,30.5052,-84.4564
Gadsden,3,Havana Library,"203 E. 5th Ave, Havana, FL",32333,October 19th - November 1st,9:00 am to 6:00pm,,,30.62775,-84.4122
Gadsden,4,Chattahoochee Library,"300 Maple St., Chattahoochee, FL",32324,October 19th - November 1st,9:00 am to 6:00pm,,,30.69828,-84.8334
Gilchrist,1,Courthouse/SOE Office,"112 South Main Street, Room 128, Trenton, FL",32693,From when VBM ballots are mailed out to Election Day at 7pm,24/7,Yes,,29.61328,-82.8184
Glades,1,Old Jail Annex/ Across from SOE office,"598 Ave J, Moore Haven, FL",33471,October 24th - October 31st,8:30 a.m. to 4:30 p.m.,Yes,,26.83227,-81.0979
Glades,2,Supervisor of Elections Office,"500 Ave J, Moore Haven, FL",33471,From when VBM ballots are mailed out to Election Day at 7pm,24/7,No,Drop box is located outside.,26.8331,-81.0977
Gulf,1,Gulf County Supervisor of Elections Office,"401 Long Ave, Port St Joe, FL",32456,From when VBM ballots are mailed out to Election Day at 7pm,Only available during office hours (9:00am to 5:00pm M-F) and During early voting hours (TBD),Yes,Only available during early voting hours + Can drop it off at office during office hours. No secure drop box. Won't be left outside. Supervoting Center,29.81343,-85.301
Gulf,2,Charles Whitehead Public Library,"314 N 2nd Street, Wewahitchka, FL",32465,October 24th - November 2nd,TBD,Yes,Supervoting Center,30.11592,-85.1986
Hamilton,1,Supervisor of elections office,"1153 N W U.S. Hwy 41, Jasper, FL",32052,From when VBM ballots are mailed out to Election Day at 7pm,24/7,Yes,Drop box is located outside.,30.5233,-82.9586
Hardee,1,Hardee County Public Library,"315 N. 6th Ave., Wauchula, FL",33873,From when VBM ballots are mailed out to Election Day at 7pm,8:30 a.m. to 5:00p.m.,Yes,Drop box is located inside.,27.55027,-81.8124
Hendry,1,Supervisor of Elections Office,"25 E. Hickpochee Avenue, LaBelle, FL",33935,From when VBM ballots are mailed out to Election Day at 7pm,7:00 a.m. to 7:00 p.m. M-F; 9:00 - 5:00 P.M. on weekends,Yes,Drop box is located inside.,26.7614,-81.4379
Hendry,2,Supervisor of Elections Office,"1100 S. Olympia Street, Suite 504, Clewiston, FL",33440,From when VBM ballots are mailed out to Election Day at 7pm,7:00 a.m. to 7:00 p.m. M-F; 9:00 - 5:00 P.M. on weekends,Yes ,Drop box is located inside.,26.74436,-80.9391
Hernando,1,South Brooksville Community Center,"601 E. Dr. Martin Luther King Blvd. Brooksville, FL",34601,October 19th - October 31st,9:00 a.m. to 5:00 p.m.,Yes ,,28.54585,-82.3802
Hernando,2,Supervisor of Elections Office,"20 North Main Street, Room 165, Brooksville, FL",34606,From when VBM ballots are mailed out to Election Day at 7pm,9:00 a.m. to 5:00 p.m.,Yes ,Drop box is located inside.,28.55522,-82.3867
Hernando,3,Spring Hill Branch Library,"9220 Spring Hill Dr., Spring Hill, FL",34608,October 19th - October 31st,9:00 a.m. to 5:00 p.m.,Yes ,,28.45522,-82.5689
Hernando,4,East Hernando Branch Library,"6457 Windmere Rd., Brooksville, FL",34602,October 19th - October 31st,9:00 a.m. to 5:00 p.m.,Yes ,,28.528,-82.2355
Hernando,5,Hernando County Utilities Department,"15365 Cortez Blvd., Brooksville, FL",34613,October 19th - October 31st,9:00 a.m. to 5:00 p.m.,Yes ,,28.53613,-82.4726
Hernando,6,Courthouse - Records Storage Facility,"234 E. Jefferson St., Brooksville, FL.",34601,From when VBM ballots are mailed out to Election Day at 7pm,24/7,No,Dropbox is located outside. Drive-in capabilities,28.55533,-82.3846
Highlands,1,Kenilworth Operations Center,"4500 Kenilworth Blvd., Sebring, FL",33870,October 22nd - October 31st,8:30 a.m. to 4:30 p.m.,Yes,,27.48621,-81.4194
Highlands,2,Avon Park City Hall Council Chambers,"123 East Pine St., Avon Park, FL",33825,October 22nd - October 31st,8:30 a.m. to 4:30 p.m.,Yes,,27.59485,-81.4993
Highlands,3,Lake Placid Town Government Center,"1069 U.S. Hwy. 27 North, Lake Placid, FL",33852,October 22nd - October 31st,8:30 a.m. to 4:30 p.m.,Yes,,27.31986,-81.364
Highlands,4,Supervisor of Elections Office,"580 South Commerce Ave., Room A201, Sebring, FL",33870,From when VBM ballots are mailed out to Election Day at 7pm,24/7,No,Drop box is located outside.,27.49108,-81.4356
Hillsborough,1,Apollo Beach Recreation Center,"664 Golf and Sea Blvd, Apollo Beach, FL",33572,October 19th - November 1st,7:00 a.m. to 7:00 p.m.,Yes,Drive-Thru available,27.76473,-82.4119
Hillsborough,2,Austin Davis Public Library,"17808 Wayne Rd, Odessa, FL",33556,October 19th - November 1st,7:00 a.m. to 7:00 p.m.,Yes,Drive-Thru available,28.13481,-82.5765
Hillsborough,3,Bloomingdale Regional Public Library,"1906 Bloomingdale Ave, Valrico, FL",33596,October 19th - November 1st,7:00 a.m. to 7:00 p.m.,Yes,Drive-Thru available,27.89368,-82.2535
Hillsborough,4,Bruton Memorial Library,"302 W McLendon St, Plant City, FL",33563,October 19th - November 1st,7:00 a.m. to 7:00 p.m.,Yes,Drive-Thru available,28.01824,-82.1256
Hillsborough,5,"C Blythe Andrews, Jr Public Library","2607 E Dr Martin Luther King Jr Blvd, Tampa, FL",33610,October 19th - November 1st,7:00 a.m. to 7:00 p.m.,Yes,Drive-Thru available,27.98105,-82.4302
Hillsborough,6,Fred B Karl County Center,"601 E Kennedy Blvd, Tampa, FL",33602,From when VBM ballots are mailed out to Election Day at 7pm,7:00 a.m. to 7:00 p.m.,Yes,Drive-Thru available.,27.94834,-82.4548
Hillsborough,7,Jan Kaminis Platt Regional Library,"3910 S Manhattan Ave, Tampa, FL",33611,October 19th - November 1st,7:00 a.m. to 7:00 p.m.,Yes,Drive-Thru available,27.90739,-82.5174
Hillsborough,8,Jimmie B Keel Regional Public Library,"2902 W Bearss Ave, Tampa, FL",33618,October 19th - November 1st,7:00 a.m. to 7:00 p.m.,Yes,Drive-Thru available,28.08687,-82.4923
Hillsborough,9,Maureen B Gauzza Public Library,"11211 Countryway Blvd, Tampa, FL",33626,October 19th - November 1st,7:00 a.m. to 7:00 p.m.,Yes,Drive-Thru available,28.06228,-82.6233
Hillsborough,10,New Tampa Regional Library,"10001 Cross Creek Blvd, Tampa, FL",33647,October 19th - November 1st,7:00 a.m. to 7:00 p.m.,Yes,Drive-Thru available,28.1411,-82.3281
Hillsborough,11,North Tampa Branch Library,"8916 N Blvd, Tampa, FL",33604,October 19th - November 1st,7:00 a.m. to 7:00 p.m.,Yes,Drive-Thru available,28.0324,-82.4684
Hillsborough,12,Northdale Recreation Center,"15550 Spring Pine Dr, Tampa, FL",33624,October 19th - November 1st,7:00 a.m. to 7:00 p.m.,Yes,Drive-Thru available,28.09327,-82.5079
Hillsborough,13,Port Tampa Community Center,"4702 W McCoy St, Tampa, FL",33616,October 19th - November 1st,7:00 a.m. to 7:00 p.m.,Yes,Drive-Thru available,27.86921,-82.5236
Hillsborough,14,Providence West Community Center,"5405 Providence Rd, Riverview, FL",33578,October 19th - November 1st,7:00 a.m. to 7:00 p.m.,Yes,Drive-Thru available,27.89937,-82.3191
Hillsborough,15,Riverview Branch Library,"10509 Riverview Dr, Riverview, FL",33578,October 19th - November 1st,7:00 a.m. to 7:00 p.m.,Yes,Drive-Thru available,27.87154,-82.3295
Hillsborough,16,Robert L Gilder Elections Service Center,"2514 N Falkenburg Rd, Tampa, FL ",33619,From when VBM ballots are mailed out to Election Day at 7pm,7:00 a.m. to 7:00 p.m.,Yes,Drive-Thru available. ,27.96593,-82.3357
Hillsborough,17,SouthShore Regional Library,"15816 Beth Shields Way, Ruskin, FL ",33573,October 19th - November 1st,7:00 a.m. to 7:00 p.m.,Yes,Drive-Thru available,27.73699,-82.3697
Hillsborough,18,Northwest Elections Office,"4575 Gunn Hwy, Tampa, FL ",33624,From when VBM ballots are mailed out to Election Day at 7pm,7:00 a.m. to 7:00 p.m.,Yes,Drive-Thru available. ,28.04976,-82.5197
Hillsborough,19,Southeast Elections Office,"10020 S US Hwy 301, Riverview, FL ",33578,From when VBM ballots are mailed out to Election Day at 7pm,7:00 a.m. to 7:00 p.m.,Yes,Drive-Thru available.,27.85427,-82.3256
Hillsborough,20,USF TECO Hall (David C Anchin Center),"4110 USF Apple Dr, Tampa, FL ",33620,October 19th - November 1st,7:00 a.m. to 7:00 p.m.,Yes,Drive-Thru available,28.06065,-82.4108
Hillsborough,21,Temple Terrace Public Library,"202 Bullard Pkwy, Temple Terrace, FL ",33617,October 19th - November 1st,7:00 a.m. to 7:00 p.m.,Yes,Drive-Thru available,28.03291,-82.3912
Hillsborough,22,Town 'N Country Regional Public Library,"7606 Paula Dr, Tampa, FL",33615,October 19th - November 1st,7:00 a.m. to 7:00 p.m.,Yes,Drive-Thru available,27.99881,-82.5658
Hillsborough,23,University Area Community Center,"14013 N 22nd St, Tampa, FL ",33613,October 19th - November 1st,7:00 a.m. to 7:00 p.m.,Yes,Drive-Thru available,28.074,-82.4327
Hillsborough,24,West Tampa Branch Library,"2312 W Union St, Tampa, FL",33607,October 19th - November 1st,7:00 a.m. to 7:00 p.m.,Yes,Drive-Thru available,27.95776,-82.4834
Hillsborough,25,Raymond James Stadium,"4201 N Dale Mabry Hwy, Tampa, FL",33607,October 19th - November 1st,7:00 a.m. to 7:00 p.m.,Yes,Drive-Thru available. New Early Voting location.,27.97871,-82.503
Hillsborough,26,Amalie Arena,"401 Channelside Dr. Tampa, FL ",33602,October 19th - November 1st,7:00 a.m. to 7:00 p.m.,Yes,Drive-Thru available. New Early Voting location.,27.9427,-82.4518
Holmes,1,Holmes County Courthouse,"201 N Oklahoma Street, Suite 102, Bonifay, FL",32425,From when VBM ballots are mailed out to Election Day at 7pm,24/7,Yes,Drop box is located outside. ,30.79402,-85.6784
Indian River,1,Sebastian City Hall Council Chambers,"225 Main Street, Sebastian, FL",32958,October 19th - October 31st,8:00 a.m. to 4:00 p.m.,Yes,,27.81036,-80.4846
Indian River,2,Indian River County Main Library,"1600 21st Street, Vero Beach, FL",32960,October 19th - October 31st,8:00 a.m. to 4:00 p.m.,Yes,,27.64045,-80.4019
Indian River,3,Indian River County Supervisor of Election Office,"4375 43rd Avenue, Vero Beach, FL",32967,From when VBM ballots are mailed out to Election Day at 7pm,24/7,Yes,Drop box is located inside the office but people have access to it 24/7,27.67276,-80.4303
Jackson,1,Supervisor of Elections Office,"2851 Jefferson Street, Marianna, FL",32448,From when VBM ballots are mailed out to Election Day at 7pm,24/7,Yes,"Drop box is outside during office hours and brought back in at night, but there's a slot on the door where voters can drop off their ballots 24/7",30.77287,-85.2268
Jackson,2,Graceville City Hall,"5348 Cliff Street, Graceville, FL",32440,October 19th - October 31st,8:00 a.m. to 5:00 p.m. on M-S; 9:00 a.m. to 5:00 p.m. on Sunday,Yes,,30.95724,-85.514
Jackson,3,Sneads City Hall,"2028 Third Avenue, Sneads, FL",32460,October 19th - October 31st,8:00 a.m. to 5:00 p.m. on M-S; 9:00 a.m. to 5:00 p.m. on Sunday,Yes,,30.7103,-84.9199
Jefferson,1,Election Office,"1175 W Washington Street, Monticello, FL",32344,From when VBM ballots are mailed out to Election Day at 7pm,24/7,Yes,There will be two dropboxes: one inside and one outside,30.54452,-83.8808
Lafayette,1,Supervisor of Elections Office,"120 W Main St #129, Mayo, FL",32066,From when VBM ballots are mailed out to Election Day at 7pm,24/7,Yes,Drop Box is located outside,30.05339,-83.1757
Lake,1,Cagan Crossings Library,"16729 Cagan Oaks, Clermont, FL",34714,October 19th - October 31st,10:00 a.m. to 6:00 p.m.,Yes,,28.35624,-81.6786
Lake,2,Clermont Arts and Recreation Center,"3700 S Hwy 27, Clermont, FL",34711,October 19th - October 31st,10:00 a.m. to 6:00 p.m.,Yes,,28.50526,-81.721
Lake,3,Cooper Memorial Library,"2525 Oakley Seaver Dr, Clermont, FL",34711,October 19th - October 31st,10:00 a.m. to 6:00 p.m.,Yes,,28.55248,-81.709
Lake,4,Eustis Service Center,"301 W Ward Ave, Eustis, FL",32726,October 19th - October 31st,10:00 a.m. to 6:00 p.m.,Yes,,28.84919,-81.6887
Lake,5,Lady Lake Public Library; 2nd Floor,"225 W Guava St, Lady Lake, FL",32159,October 19th - October 31st,10:00 a.m. to 6:00 p.m.,Yes,,28.91815,-81.9249
Lake,6,Lake County Administration Building,"315 W Main St, Tavares, FL",32778,October 19th - October 31st,10:00 a.m. to 6:00 p.m.,Yes,,28.8018,-81.7297
Lake,7,Leesburg Public Library,"100 E Main St, Leesburg, FL",34748,October 19th - October 31st,10:00 a.m. to 6:00 p.m.,Yes,,28.81105,-81.8751
Lake,8,Minneola City Hall,"800 N US Hwy 27, Minneola, FL",34715,October 19th - October 31st,10:00 a.m. to 6:00 p.m.,Yes,,28.59,-81.7521
Lake,9,Southside Umatilla Community Center,"17107 Ball Park Rd, Umatilla, FL",32784,October 19th - October 31st,10:00 a.m. to 6:00 p.m.,Yes,,28.91504,-81.6729
Lake,10,Supervisor of Elections Office,"1898 E Burleigh Blvd, Tavares, FL ",32778,From when VBM ballots are mailed out to Election Day at 7pm,24/7,Yes,Drop Box is located outside,28.82175,-81.7105
Lake,11,W.T. Bland Public Library,"1995 N Donnelly St, Mount Dora, FL ",32757,October 19th - October 31st,10:00 a.m. to 6:00 p.m.,Yes,,28.81365,-81.6459
Lee,1,Cape Coral - Lee County Library,"921 SW 39TH TER, CAPE CORAL, FL ",33914,October 19th - October 31st,10:00 a.m. to 6:00 p.m.,Yes,,26.57996,-81.995
Lee,2,Dr. Carrie D. Robinson Center,"2990 EDISON AVE, FORT MYERS,  FL ",33916,October 19th - October 31st,10:00 a.m. to 6:00 p.m.,Yes,,26.63255,-81.8497
Lee,3,East County Rregional Library,"881 GUNNERY RD N,  LEHIGH ACRES, FL ",33971,October 19th - October 31st,10:00 a.m. to 6:00 p.m.,Yes,,26.62209,-81.7163
Lee,4,Estero Recreation Center,"9200 CORKSCREW PALMS BLVD, ESTERO, FL ",33928,October 19th - October 31st,10:00 a.m. to 6:00 p.m.,Yes,,26.42731,-81.8015
Lee,5,Lee County Elections Bonita Springs Branch Office,"25987 S TAMIAMI TRAIL, #105, BONITA SPRINGS, FL ",34134,From when VBM ballots are mailed out to Election Day at 7pm,8:30 a.m. to 6:00 p.m.,Yes,,26.36359,-81.8076
Lee,6,Lee County Elections - Cape Coral Branch Office,"1039 SE 9TH AVE, CAPE CORAL, FL",33990,From when VBM ballots are mailed out to Election Day at 7pm,8:30 a.m. to 6:00 p.m.,Yes,,26.63239,-81.956
Lee,7,Lee County Elections Center,"13180 S CLEVELAND AVE, FORT MYERS, FL ",33907,From when VBM ballots are mailed out to Election Day at 7pm,8:30 a.m. to 6:00 p.m.,Yes,,26.55037,-81.8745
Lee,8,North Fort Myers Recreation Center,"2000 N RECREATION PARK WAY, NORTH FORT MYERS, FL ",33903,October 19th - October 31st,10:00 a.m. to 6:00 p.m.,Yes,,26.6884,-81.8896
Lee,9,Northwest Rregional Library,"519 CHIQUITA BLVD N, CAPE CORAL, FL ",33993,October 19th - October 31st,10:00 a.m. to 6:00 p.m.,Yes,,26.66244,-82.0063
Lee,10,Veterans Park Recreaation Center,"55 HOMESTEAD RD S, LEHIGH ACRES, FL ",33936,October 19th - October 31st,10:00 a.m. to 6:00 p.m.,Yes,,26.59634,-81.6316
Lee,11,Riverside Community Center,"3061 E RIVERSIDE DR, FORT MYERS, FL",33916,October 19th - October 31st,10:00 a.m. to 6:00 p.m.,Yes,New Early Voting location,26.65741,-81.8531
Lee,12,Lee County Eelections - Main Office,"2480 Thompson St, 3rd Floor, Fort Myers, FL",33901,From when VBM ballots are mailed out to Election Day at 7pm,8:30 a.m. to 5:00 p.m.,No,,26.64135,-81.863
Leon,1,B L Perry Library,"2817 S Adams St, Tallahassee, FL ",32301,October 19th - October 31st,10:00 a.m. to 6:00 p.m.,Yes,,30.41056,-84.2823
Leon,2,Eastside Branch Library,"1583 Pedrick Rd, Tallahassee, FL",32317,October 19th - October 31st,10:00 a.m. to 6:00 p.m.,Yes,,30.47368,-84.1821
Leon,3,FAMU Student Union Multi-Purpose Room C,"1628 S Martin Luther King Jr. Blvd, Tallahassee, FL",32307,October 19th - October 31st,10:00 a.m. to 6:00 p.m.,Yes,,30.42,-84.28
Leon,4,FSU Tucker Center (East Entrance),"505 W Pensacola St, Tallahassee, FL",32301,October 19th - November 1st,10:00 a.m. to 6:00 p.m.,Yes,,30.43727,-84.288
Leon,5,Lake Jackson Community Center,"3840 N Monroe St, Tallahassee, FL",32303,October 19th - November 1st,10:00 a.m. to 6:00 p.m.,Yes,,30.50177,-84.332
Leon,6,Leon County Courthouse Plaza Level,"301 S Monroe St, Tallahassee, FL",32301,October 19th - November 1st,8:00 a.m. to 4:00 p.m.,Yes,,30.43968,-84.28
Leon,7,Northeast Branch Library,"5513 Thomasville Rd,Tallahassee, FL",32312,October 19th - November 1st,10:00 a.m. to 6:00 p.m.,Yes,,30.54461,-84.2258
Leon,8,IVS Election Center,"2990-1 Apalachee Pkwy, Tallahassee, FL",32301,From when VBM ballots are mailed to Election Day at 7pm,10:00 a.m. to 6:00 p.m.,Yes,,30.42843,-84.2289
Leon,9,Woodville Community Center,"8000 Old Woodville Rd, Tallahassee, FL",32305,October 19th - November 1st,10:00 a.m. to 6:00 p.m.,Yes,,30.33164,-84.253
Leon,10,Fort Braden Community Center,"16387 Blountstown Hwy, Tallahassee, FL ",32310,October 19th - November 1st,10:00 a.m. to 6:00 p.m.,Yes,,30.426,-84.5347
Levy,1,Supervisor of Elections Office,"421 S. Court Street, Bronson, FL",32621,From when VBM ballots are mailed to Election Day at 7pm,24/7,Yes,Drop box will be located outside.,29.44552,-82.6355
Liberty,1,Liberty County Courthouse,"10818 NW, FL-20, Bristol, FL ",32321,From when VBM ballots are mailed to Election Day at 7pm,24/7,Yes,Drop box will be located outside.,30.41928,-84.978
Liberty,2,Hosford/Telogia Fire Department,"17081 NE State Road 65, Hosford, FL",32334,October 20th - October 31st,24/7,Yes,Drop box will be located outside.,30.38561,-84.7987
Madison,1,Madison County Annex EV Site 10,"229 SW Pinckney St., Madison, FL",32340,October 19th - October 31st,8:00 a.m. to 6:00 p.m. on M-F; 7:00 a.m. to 3:00 p.m. on Saturday and Sunday,Super Voting center,,30.4686,-83.4123
Madison,2,Greenville Senior Citizens Building EV Site 5,"166 SW Onslow St, Greenville, FL",32331,October 19th - October 31st,8:00 a.m. to 6:00 p.m. on M-F; 7:00 a.m. to 3:00 p.m. on Saturday and Sunday,Super Voting center,,30.46882,-83.6316
Madison,3,Lee City Hall EV Site 3,"286 NE CR 255, Lee, FL",32059,October 19th - October 31st,8:00 a.m. to 6:00 p.m. on M-F; 7:00 a.m. to 3:00 p.m. on Saturday and Sunday,Super Voting center,,30.42245,-83.3002
Madison,4,Pinetta Vol. Fire Dept. EV Site 8,"509 NE Persimmon Dr, Pinetta, FL",32350,October 19th - October 31st,8:00 a.m. to 6:00 p.m. on M-F; 7:00 a.m. to 3:00 p.m. on Saturday and Sunday,Super Voting center,,30.59492,-83.3539
Madison,5,Supervisor of Elections Office,"239 SW Pinckney St., Madison, FL",32340,From when VBM ballots are mailed to Election Day at 7pm,24/7,No,Drop box will be located outside.,30.4686,-83.4125
Manatee,1,FL Dept of Transportation Operations Office,"14000 SR 64 E, Bradenton, FL ",34212,October 19th - November 1st,8:30am to 6:30pm,Yes,,27.4742,-82.4003
Manatee,2,Lakewood Ranch Town Hall,"8175 Lakewood Ranch Blvd, Lakewood Ranch, FL",34202,October 19th - November 1st,8:30am to 6:30pm,Yes,,27.3953,-82.4374
Manatee,3,Manatee County Utilities Administration Offices,"4410 66th St W, Bradenton, FL",34210,October 19th - November 1st,8:30am to 6:30pm,Yes,,27.4614,-82.6275
Manatee,4,Palmetto Library,"923 6th St W, Palmetto, FL",34221,October 19th - November 1st,8:30am to 6:30pm,Yes,,27.51608,-82.5753
Manatee,5,Rocky Bluff Library,"6750 US Hwy 301, Ellenton, FL",34222,October 19th - November 1st,8:30am to 6:30pm,Yes,,27.53497,-82.4946
Manatee,6,Supervisor of Elections Office,"600 301 Blvd W, Bradenton, FL",34205,From when VBM ballots are mailed out to Election Day at 7pm,24/7,Yes,Drop box will be located outside.,27.47006,-82.5676
Marion,1,Marion County Election Center,"981 NE 16th St, Ocala, FL",34470,From when VBM ballots are mailed out to Election Day at 7pm,24/7,Yes,Drop box will be located outside.,29.20359,-82.1265
Marion,2,Belleview Public Library,"13145 SE HWY 484, Belleview, FL ",34420,October 19th - October 31st,10:00 a.m. to 6:00 p.m.,Yes,,29.03232,-82.0624
Marion,3,Deputy Brian Litz Building,"9048 SW HWY 200, Ocala, FL ",34481,October 19th - October 31st,10:00 a.m. to 6:00 p.m.,Yes,,29.06675,-82.2692
Marion,4,Dunnellon Public Library,"20351 Robinson Rd, Dunnellon, FL ",34431,October 19th - October 31st,10:00 a.m. to 6:00 p.m.,Yes,,29.05859,-82.4572
Marion,5,Forest Public Library,"905 S HWY 314A, Ocklawaha, FL ",32179,October 19th - October 31st,10:00 a.m. to 6:00 p.m.,Yes,,29.17786,-81.8913
Marion,6,Freedom Public Library,"5870 SW 95th St, Ocala, FL",34476,October 19th - October 31st,10:00 a.m. to 6:00 p.m.,Yes,,29.08426,-82.2169
Marion,7,Mulberry Center (Liberty Rm),"8445 SE 165th Mulberry Ln, The Villages, FL",32162,October 19th - October 31st,10:00 a.m. to 6:00 p.m.,Yes,,28.98131,-82.0129
Marion,8,Reddick Community Center,"4345 NW 152nd St, Reddick, FL ",32686,October 19th - October 31st,10:00 a.m. to 6:00 p.m.,Yes,,29.37005,-82.1971
Marion,9,Silver Springs Shores Community Ctr.,"590 Silver Rd, Ocala, FL ",34472,October 19th - October 31st,10:00 a.m. to 6:00 p.m.,Yes,,29.10644,-82.0045
Martin,1,Martin County Elections Office,"135 SE Martin Luther King Jr. Blvd, Stuart, FL",34994,October 19th - October 31st,8:00 a.m. to 5:00 p.m.,Yes,,27.19416,-80.2505
Martin,2,Hoke Library,"1150 NW Jack Williams Way, Jensen Beach, FL",34957,October 19th - October 31st,8:00 a.m. to 5:00 p.m.,Yes,,27.24714,-80.2684
Martin,3,Peter & Julie Cummings Library,"2551 SW Matheson Ave, Palm City, FL",34990,October 19th - October 31st,8:00 a.m. to 5:00 p.m.,Yes,,27.17372,-80.2777
Martin,4,Robert Morgade Library,"5851 SE Community Dr, Stuart, FL",34997,October 19th - October 31st,8:00 a.m. to 5:00 p.m.,Yes,,27.13418,-80.2207
Martin,5,Elisabeth Lahti Library,"15200 SW Adams Ave, Indiantown, FL",34956,October 19th - October 31st,8:00 a.m. to 5:00 p.m.,Yes,,27.0221,-80.4658
Martin,6,Hobe Sound Library,"10595 SE Federal Hwy, Hobe Sound, FL",33455,October 19th - October 31st,8:00 a.m. to 5:00 p.m.,Yes,,27.07622,-80.1419
Miami-Dade,1,Coral Gables Branch Library,"3443 Segovia Street, Coral Gables, FL",33134,October 19th - November 1st,7:00 a.m. to 7:00 p.m.,Yes,,25.73975,-80.2659
Miami-Dade,2,Coral Reef Branch Library,"9211 SW 152ND Street, Miami, FL",33157,October 19th - November 1st,7:00 a.m. to 7:00 p.m.,Yes,,25.62933,-80.3429
Miami-Dade,3,Elections Department (Main Office),"2700 NW 87TH Avenue, Doral, FL",33172,From when VBM ballots are mailed out to Election Day at 7pm,7:00 a.m. to 7:00 p.m.,Yes,Also opened on 11/2 and 11/3 from 7am to 7pm,25.8002,-80.3386
Miami-Dade,4,Florida International University,"11200 SW 8TH Street, Miami, FL",33199,October 19th - November 1st,7:00 a.m. to 7:00 p.m.,Yes,,25.76055,-80.3762
Miami-Dade,5,Historic Garage,"3250 S Miami Avenue, Miami, FL",33129,October 19th - November 1st,7:00 a.m. to 7:00 p.m.,Yes,,25.74436,-80.2105
Miami-Dade,6,Homestead Community Center,"1601 N. Krome Avenue, Homestead, FL",33030,October 19th - November 1st,7:00 a.m. to 7:00 p.m.,Yes,,25.48588,-80.4765
Miami-Dade,7,John F. Kennedy Library,"190 W 49TH Street, Hialeah, FL",33012,October 19th - November 1st,7:00 a.m. to 7:00 p.m.,Yes,,25.86572,-80.285
Miami-Dade,8,Joseph Caleb Center Community Meeting Room,"5400 NW 22ND Avenue,Building A, Miami, FL",33142,October 19th - November 1st,7:00 a.m. to 7:00 p.m.,Yes,,25.8251,-80.2338
Miami-Dade,9,Kendall Branch Library,"9101 SW 97TH Avenue, Miami, FL",33176,October 19th - November 1st,7:00 a.m. to 7:00 p.m.,Yes,,25.68566,-80.3503
Miami-Dade,10,Lemon City Library,"430 NE 61ST Street, Miami, FL",33137,October 19th - November 1st,7:00 a.m. to 7:00 p.m.,Yes,,25.83237,-80.187
Miami-Dade,11,Miami Beach City Hall,"1700 Convention Center Drive, Miami Beach, FL",33139,October 19th - November 1st,7:00 a.m. to 7:00 p.m.,Yes,,25.79281,-80.1355
Miami-Dade,12,Miami Dade College Kendall Campus,"11011 SW 104TH Street, Building K, Miami, FL",33176,October 19th - November 1st,7:00 a.m. to 7:00 p.m.,Yes,,25.67286,-80.3768
Miami-Dade,13,Miami Dade College North Campus (Library),"11380 NW 27TH Avenue, Building 2, Miami, FL",33167,October 19th - November 1st,7:00 a.m. to 7:00 p.m.,Yes,,25.87804,-80.243
Miami-Dade,14,Miami Lakes Community Center,"15151 NW 82ND Avenue, Miami Lakes, FL",33016,October 19th - November 1st,7:00 a.m. to 7:00 p.m.,Yes,,25.91346,-80.333
Miami-Dade,15,North Dade Regional Library,"2455 NW 183RD Street, Miami Gardens, FL",33056,October 19th - November 1st,7:00 a.m. to 7:00 p.m.,Yes,Also open on 11/2 and 11/3 from 7am to 7pm,25.94171,-80.2424
Miami-Dade,16,North Miami Public Library,"835 NE 132ND Street, North Miami, FL",33161,October 19th - November 1st,7:00 a.m. to 7:00 p.m.,Yes,,25.8972,-80.1818
Miami-Dade,17,North Shore Branch Library,"7501 Collins Avenue, Miami Beach, FL",33141,October 19th - November 1st,7:00 a.m. to 7:00 p.m.,Yes,,25.86095,-80.1207
Miami-Dade,18,Northeast Dade-Aventura Branch Library,"2930 Aventura Boulevard, Aventura, FL",33180,October 19th - November 1st,7:00 a.m. to 7:00 p.m.,Yes,,25.9604,-80.1427
Miami-Dade,19,South Dade Regional Library,"10750 SW 211TH Street, Cutler Bay, FL",33189,October 19th - November 1st,7:00 a.m. to 7:00 p.m.,Yes,Also open on 11/2 and 11/3 from 7am to 7pm,25.57096,-80.3657
Miami-Dade,20,Stephen P. Clark Gov't Center,"111 NW 1ST Street, Miami, FL",33128,October 19th - November 1st,7:00 a.m. to 7:00 p.m.,Yes,Also open on 11/2 and 11/3 from 7am to 7pm,25.77561,-80.1967
Miami-Dade,21,West Dade Regional Library,"9445 SW 24TH Street, Miami, FL",33165,October 19th - November 1st,7:00 a.m. to 7:00 p.m.,Yes,,25.74836,-80.3478
Miami-Dade,22,West Kendall Regional Library,"10201 Hammocks Boulevard, Miami, FL",33196,October 19th - November 1st,7:00 a.m. to 7:00 p.m.,Yes,,25.67225,-80.4431
Miami-Dade,23,West Miami Community Center,"901 SW 62ND Avenue West, Miami, FL",33144,October 19th - November 1st,7:00 a.m. to 7:00 p.m.,Yes,,25.76228,-80.2953
Miami-Dade,24,Arcola Lakes Branch Library,"8240 NW 7th Avenue, Miami, FL",33150,October 19th - November 1st,7:00 a.m. to 7:00 p.m.,Yes,New Early Voting location,25.85023,-80.2099
Miami-Dade,25,California Club Branch Library,"700 Ives Dairy Rd, Miami, FL",33179,October 19th - November 1st,7:00 a.m. to 7:00 p.m.,Yes,New Early Voting location,25.96021,-80.1884
Miami-Dade,26,Florida City Youth Activity Center,"650 NW 5th Avenue, Doral, FL ",33172,October 19th - November 1st,7:00 a.m. to 7:00 p.m.,Yes,New Early Voting location,25.45566,-80.4839
Miami-Dade,27,International Mall Branch Library,"10315 NW 12th St, Doral, FL ",33172,October 19th - November 1st,7:00 a.m. to 7:00 p.m.,Yes,New Early Voting location,25.78427,-80.3623
Miami-Dade,28,Naranja Branch Library,"14850 SW 280th St, Homestead, FL ",33032,October 19th - November 1st,7:00 a.m. to 7:00 p.m.,Yes,New Early Voting location,25.50629,-80.4306
Miami-Dade,29,Palmetto Bay Branch Library,"17641 Old Cutler Rd, Palmetto Bay, FL",33157,October 19th - November 1st,7:00 a.m. to 7:00 p.m.,Yes,New Early Voting location,25.60692,-80.3113
Miami-Dade,30,Phillip and Patricia Frost Museum of Science,"1101 Biscayne Blvd, Miami, FL",33132,October 19th - November 1st,7:00 a.m. to 7:00 p.m.,Yes,New Early Voting location,25.7853,-80.1877
Miami-Dade,31,Pinecrest Branch Library,"5835 SW 111th St, Pinecrest, FL",33156,October 19th - November 1st,7:00 a.m. to 7:00 p.m.,Yes,New Early Voting location,25.66865,-80.2868
Miami-Dade,32,Shenandoah Branch Library,"2111 SW 19th St, Miami, FL",33145,October 19th - November 1st,7:00 a.m. to 7:00 p.m.,Yes,New Early Voting location,25.75534,-80.2293
Miami-Dade,33,Kendale Lakes Branch Library,"15205 SW 88th St, Miami, FL",33176,October 19th - November 1st,7:00 a.m. to 7:00 p.m.,Yes,New Early Voting location,25.68519,-80.4416
Monroe,1,Supervisor of Elections Office,"530 Whitehead St, #101, Key West, FL",33040,From when VBM ballots are mailed out to Election Day at 7pm,8:30 a.m. to 5:00 p.m. Closes at 7pm on election day.,Yes,Drop box is located outside but only available during office hours. ,24.55411,-81.8037
Monroe,2,Supervisor of Elections Office,"10015 Overseas Hwy, Marathon, FL",33050,From when VBM ballots are mailed out to Election Day at 7pm,8:30 a.m. to 5:00 p.m. Closes at 7pm on election day.,Yes,Drop box is located outside but only available during office hours. ,24.72754,-81.0425
Monroe,3,Supervisor of Elections Office,"102050 Overseas Hwy, #137, Key Largo, FL",33037,From when VBM ballots are mailed out to Election Day at 7pm,8:30 a.m. to 5:00 p.m. Closes at 7pm on election day.,Yes,Drop box is located outside but only available during office hours. ,25.12141,-80.4184
Monroe,4,Big Pine Key Community Park,"31009 Atlantis Dr, Big Pine Key, FL",33043,October 19th - October 31st,8:30 a.m. to 5:00 p.m.,Yes,,24.67866,-81.3464
Monroe,5,Islamorada Branch Library,"81830 Overseas Hwy,, MM. 81.7, Islamorada, FL",33036,October 19th - October 31st,8:30 a.m. to 5:00 p.m.,Yes,,24.9176,-80.6364
Nassau,1,Atlantic Recreation Center,"2500 Atlantic Ave, Fernandina Beach, FL",32034,October 19th - November 1st,9:00 a.m. to 6:00 p.m.,Yes,,30.66746,-81.4362
Nassau,2,Hilliard Community Center,"37177 Pecan Street, Hilliard, FL",32046,October 19th - November 1st,9:00 a.m. to 6:00 p.m.,Yes,,30.69075,-81.9194
Nassau,3,James S. Page Governmental Complex,"96135 Nassau Place, Yulee, FL",32097,From when VBM ballots are mailed out to Election Day at 7pm,24/7,Yes,Drop box is located outside.,30.62561,-81.5379
Nassau,4,Callahan Library,"450077 State Road 200, #15, Callahan, FL",32011,October 19th - November 1st,9:00 a.m. to 6:00 p.m.,Yes,,30.5683,-81.8265
Nassau,5,Yulee Sports Complex,"86142 Goodbread Road, Yulee, FL",32097,October 19th - November 1st,9:00 a.m. to 6:00 p.m.,Yes,,30.63779,-81.605
Okaloosa,1,County Administration Building,"1250 Eglin Pkwy, Shalimar, FL",32579,October 19th - November 1st,7:00 a.m. to 7:00 p.m.,Yes,,30.44597,-86.5805
Okaloosa,2,Crestview Library,"1446 Commerce Dr, Crestview, FL ",32539,October 19th - November 1st,7:00 a.m. to 7:00 p.m.,Yes,,30.79087,-86.5568
Okaloosa,3,Crestview Office,"302 Wilson St N, Crestview, FL ",32536,From when VBM ballots are mailed out to Election Day at 7pm,7:00 a.m. to 7:00 p.m. during early voting; 8:00 a.m. to 5:00 p.m. outside of early voting. Closes at 7pm on Election day.,Yes,Drop box is located inside.,30.75879,-86.5717
Okaloosa,4,Destin Community Center,"101 Stahlman Ave, Destin, FL",32541,October 19th - November 1st,7:00 a.m. to 7:00 p.m.,Yes,,30.39671,-86.5098
Okaloosa,5,Niceville City Hall,"208 Partin Dr. N., Niceville, FL",32578,October 19th - November 1st,7:00 a.m. to 7:00 p.m.,Yes,,30.52273,-86.4764
Okaloosa,6,SOE office - Branch,"1250 Eglin Pkwy, Ste 103. Shalimar, FL",32579,From when VBM ballots are mailed out to Election Day at 7pm,8:00 a.m. to 5:00 p.m. Closes at 7pm on Election Day.,No,Drop box is located inside.,30.44597,-86.5805
Okeechobee,1,Supervisor of Elections Office,"304 NW 2nd St, #144, Okeechobee, FL",34972,From when VBM ballots are mailed out to Election Day at 7pm,24/7,Yes,There are two dropboxes: one is inside and one is outside.,27.24477,-80.8322
Orange,1,Alafaya Branch Library,"12000 E. Colonial Dr, Orlando, FL",32826,October 19th - November 1st,8:00 a.m. to 8:00 p.m.,Yes,,28.56571,-81.2024
Orange,2,South Creek Branch Library,"1702 Deerfield Blvd, Orlando, FL",32837,October 19th - November 1st,8:00 a.m. to 8:00 p.m.,Yes,,28.37841,-81.4013
Orange,3,Apopka Community Center,"519 S. Central Ave, Apopka, FL",32703,October 19th - November 1st,8:00 a.m. to 8:00 p.m.,Yes,,28.67151,-81.5109
Orange,4,Southeast Branch Library,"5575 S. Semoran Blvd, Orlando, FL",32822,October 19th - November 1st,8:00 a.m. to 8:00 p.m.,Yes,,28.48318,-81.3071
Orange,5,Chickasaw Branch Library,"870 N. Chickasaw Trail, Orlando, FL",32825,October 19th - November 1st,8:00 a.m. to 8:00 p.m.,Yes,,28.55507,-81.2784
Orange,6,Southwest Branch Library,"7255 Della Dr, Orlando, FL",32819,October 19th - November 1st,8:00 a.m. to 8:00 p.m.,Yes,,28.4564,-81.4899
Orange,7,Fairview Shores Library,"902 Lee Rd, Suite 26, Orlando, FL ",32810,October 19th - November 1st,8:00 a.m. to 8:00 p.m.,Yes,,28.60528,-81.3947
Orange,8,Tibet-Butler Preserve,"8777 County Rd 535, Orlando, FL",32836,October 19th - November 1st,8:00 a.m. to 8:00 p.m.,Yes,,28.44064,-81.5415
Orange,9,Hiawassee Branch Library,"7391 W. Colonial Dr, Orlando, FL ",32818,October 19th - November 1st,8:00 a.m. to 8:00 p.m.,Yes,,28.55438,-81.4811
Orange,10,UCF - Garden Room at Live Oak Event Center,"4115 Pyxis Lane, Orlando, FL",32816,October 19th - November 1st,8:00 a.m. to 8:00 p.m.,Yes,,28.59793,-81.2003
Orange,11,Marks Street Senior Recreation Complex,"99 E. Marks St, Orlando, FL",32803,October 19th - November 1st,8:00 a.m. to 8:00 p.m.,Yes,,28.55716,-81.3777
Orange,12,Washington Park Branch Library,"5151 Raleigh St, Suite A, Orlando, FL",32811,October 19th - November 1st,8:00 a.m. to 8:00 p.m.,Yes,,28.52839,-81.4483
Orange,13,Meadow Woods Recreation Center,"1751 Rhode Island Woods Cir., Orlando, FL",32824,October 19th - November 1st,8:00 a.m. to 8:00 p.m.,Yes,,28.37365,-81.3439
Orange,14,Water Conserv II Distribution Center,"17498 McKinney Rd, Winter Garden, FL",34787,October 19th - November 1st,8:00 a.m. to 8:00 p.m.,Yes,,28.47355,-81.6471
Orange,15,Orange County Supervisor of Elections,"119 W. Kaley St, Orlando, FL",32806,From when VBM ballots are mailed out to Election Day at 7pm,24/7,Yes,Dropbox is located outside,28.52087,-81.3805
Orange,16,West Oaks Branch Library,"1821 E. Silver Star Rd, Ocoee, FL",34761,October 19th - November 1st,8:00 a.m. to 8:00 p.m.,Yes,,28.57243,-81.5138
Orange,17,Renaissance Senior Center,"3800 S. Econlockhatchee Trail, Orlando, FL",32829,October 19th - November 1st,8:00 a.m. to 8:00 p.m.,Yes,,28.49878,-81.2572
Orange,18,Winter Park Public Library,"460 E. New England Ave, Winter Park, FL",32789,October 19th - November 1st,8:00 a.m. to 8:00 p.m.,Yes,,28.59534,-81.346
Orange,19,Amway Center,"400 W Church St, #200, Orlando, FL",32801,October 19th - November 1st,8:00 a.m. to 8:00 p.m.,Yes,New Early Voting location,28.54019,-81.3839
Orange,20,Winter Garden Library,"805 E Plant St, Winter Garden, FL",34787,October 19th - November 1st,8:00 a.m. to 8:00 p.m.,Yes,New Early Voting location,28.56738,-81.5773
Osceola,1,Supervisor of Elections Office,"2509 E. Irlo Bronson Memorial Highway, Kissimmee, FL",34744,October 19th - November 1st,24/7,Yes,There are two dropboxes: one is inside and one is outside.,28.27833,-81.3403
Osceola,2,West Osceola Branch Library (Celebration),"305 Campus Street, Celebration, FL ",34747,October 19th - November 1st,8:00 a.m. to 8:00 p.m.,Yes,,28.32588,-81.5465
Osceola,3,Robert Guevara Community Center,"501 Florida Parkway, Kissimmee, FL",34743,October 19th - November 1st,8:00 a.m. to 8:00 p.m.,Yes,,28.32715,-81.3523
Osceola,4,St. Cloud Civic Center,"3001 17th Street,St. Cloud, FL",34769,October 19th - November 1st,8:00 a.m. to 8:00 p.m.,Yes,,28.24176,-81.3069
Osceola,5,Kissimmee Civic Center,"201 E. Dakin Avenue, Kissimmee, FL",34741,October 19th - November 1st,8:00 a.m. to 8:00 p.m.,Yes,,28.29333,-81.4038
Osceola,6,The Gym & Aquatic Center,"625 Country Club Drive, Poinciana, FL",34759,October 19th - November 1st,8:00 a.m. to 8:00 p.m.,Yes,,28.14515,-81.4606
Osceola,7,Narcoossee Community Center,"5354 Rambling Road, St. Cloud, Florida",34771,October 19th - November 1st,8:00 a.m. to 8:00 p.m.,Yes,,28.29868,-81.226
Osceola,8,Tax Collector (Campbell City Branch),"4730 S. Orange Blossom Trail, Kissimmee, FL ",34746,October 19th - November 1st,8:00 a.m. to 8:00 p.m.,Yes,,28.25535,-81.472
Palm Beach,1,Acreage Branch Library,"15801 Orange Blvd, Loxahatchee, FL",33470,October 19th - November 1st,7:00 a.m. to 7:00 p.m.,Yes,,26.78092,-80.2917
Palm Beach,2,Belle Glade Branch Library,"725 NW 4th St, Belle Glade, FL",33430,October 19th - November 1st,7:00 a.m. to 7:00 p.m.,Yes,,26.69273,-80.6714
Palm Beach,3,Delray Beach Community Center,"50 NW 1st Ave, Delray Beach, FL",33444,October 19th - November 1st,7:00 a.m. to 7:00 p.m.,Yes,,26.46299,-80.0748
Palm Beach,4,Ezell Hester Community Center,"1901 N Seacrest Blvd, Boynton Beach, FL",33435,October 19th - November 1st,7:00 a.m. to 7:00 p.m.,Yes,,26.54629,-80.0681
Palm Beach,5,"FAU - Housing & Residential Education Bldg, RM 109","777 Glades Rd, Boca Raton, FL",33431,October 19th - November 1st,7:00 a.m. to 7:00 p.m.,Yes,,26.36943,-80.1023
Palm Beach,6,Gardens Branch Library,"11303 Campus Dr, Palm Beach Gardens, FL",33410,October 19th - November 1st,7:00 a.m. to 7:00 p.m.,Yes,,26.84199,-80.0836
Palm Beach,7,Greenacres Community Center,"501 Swain Blvd, Greenacres, FL",33463,October 19th - November 1st,7:00 a.m. to 7:00 p.m.,Yes,,26.6291,-80.1253
Palm Beach,8,Hagen Ranch Road Branch Library,"14350 Hagen Ranch Rd, Delray Beach, FL",33446,October 19th - November 1st,7:00 a.m. to 7:00 p.m.,Yes,,26.46395,-80.161
Palm Beach,9,Jupiter Community Center,"200 Military Trl, Jupiter, FL",33458,October 19th - November 1st,7:00 a.m. to 7:00 p.m.,Yes,,26.93251,-80.1046
Palm Beach,10,Lantana Road Branch Library,"4020 Lantana Rd, Lake Worth, FL",33462,October 19th - November 1st,7:00 a.m. to 7:00 p.m.,Yes,,26.5878,-80.1058
Palm Beach,11,Main Library - Summit Blvd,"3650 Summit Blvd, West Palm Beach, FL",33406,October 19th - November 1st,7:00 a.m. to 7:00 p.m.,Yes,,26.66275,-80.0982
Palm Beach,12,SOE West County Branch Office,"2976 State Road 15, Belle Glade, FL",33430,From when VBM ballots are mailed out to Election Day at 5pm,7:00 a.m. to 7:00 p.m.,Yes,Closes at 5pm on Election Day,26.72532,-80.6665
Palm Beach,13,South County Civic Center,"16700 Jog Rd, Delray Beach, FL",33446,October 19th - November 1st,7:00 a.m. to 7:00 p.m.,Yes,,26.42553,-80.1464
Palm Beach,14,Spanish River Library,"1501 NW Spanish River Blvd, Boca Raton, FL",33431,October 19th - November 1st,7:00 a.m. to 7:00 p.m.,Yes,,26.38788,-80.1143
Palm Beach,15,WPB City Hall Flagler Gallery,"401 Clematis St, West Palm Beach, FL",33401,October 19th - November 1st,7:00 a.m. to 7:00 p.m.,Yes,,26.71417,-80.0545
Palm Beach,16,Wellington Branch Library,"1951 Royal Fern Dr, Wellington, FL",33414,October 19th - November 1st,7:00 a.m. to 7:00 p.m.,Yes,,26.65232,-80.2258
Palm Beach,17,Wells Rec Community Center,"2409 Avenue H W, Riviera Beach, FL",33404,October 19th - November 1st,7:00 a.m. to 7:00 p.m.,Yes,,26.78231,-80.0645
Palm Beach,18,West Boca Branch Library,"18685 State Road 7, Boca Raton, FL",33498,October 19th - November 1st,7:00 a.m. to 7:00 p.m.,Yes,,26.3986,-80.205
Palm Beach,19,SOE Main Office,"240 S Military Trail, West Palm Beach, FL",33415,From when VBM ballots are mailed out to Election Day at 7pm,24/7,No,Drop box will be located outside,26.67415,-80.1115
Palm Beach,20,SOE North County Office - Northeast County Courthouse,"3188 P.G.A. Blvd, Rm. 2401, Palm Beach Gardens, FL",33410,From when VBM ballots are mailed out to Election Day at 5pm,8:30 a.m. to 5:00 p.m.,No,Closes at 5pm on Election Day,26.8439,-80.0833
Palm Beach,21,SOE South County Branch Office - Southeast PBC Administrative Complex,"345 South Congress Ave, Rm. 103, Delray Beach, FL ",33445,From when VBM ballots are mailed out to Election Day at 5pm,8:30 a.m. to 5:00 p.m.,No,Closes at 5pm on Election Day,26.45518,-80.0935
Pasco,1,Advent Health Center Ice,"3173 Cypress Ridge Blvd, Wesley Chapel, FL",33544,October 19th - October 31st,7:00 a.m. to 7:00 p.m.,Yes,,28.19589,-82.3809
Pasco,2,Alice Hall Community Center,"38116 5th Ave, Zephyrhills, FL ",33542,October 19th - October 31st,7:00 a.m. to 7:00 p.m.,Yes,,28.23181,-82.1858
Pasco,3,East Pasco Governent Center,"14236 6th St, Dade City, FL ",33523,From when VBM ballots are mailed out to Election Day at 7pm,7:00 a.m. to 7:00 p.m.,Yes,Drop box will be located inside,28.36577,-82.188
Pasco,4,Hudson Library,"8012 Library Rd, Hudson, FL ",34667,October 19th - October 31st,7:00 a.m. to 7:00 p.m.,Yes,,28.35419,-82.6827
Pasco,5,Land O' Lakes Recreation Complex,"3032 Collier Parkway, Land O' Lakes, FL ",34639,October 19th - October 31st,7:00 a.m. to 7:00 p.m.,Yes,New Early Voting location (moved),28.19953,-82.4328
Pasco,6,New River Library,"34043 State Road 54, Wesley Chapel, FL ",33543,October 19th - October 31st,7:00 a.m. to 7:00 p.m.,Yes,,28.21968,-82.2527
Pasco,7,Odessa Community Center,"1627 Chesapeake Dr, Odessa, FL ",33556,October 19th - October 31st,7:00 a.m. to 7:00 p.m.,Yes,,28.18239,-82.5778
Pasco,8,Pasco Countyt Utilities Administration Bldg,"19420 Central Blvd, Land O' Lakes, FL",34637,October 19th - October 31st,7:00 a.m. to 7:00 p.m.,Yes,,28.3017,-82.495
Pasco,9,Regency Park Library,"9701 Little Rd, New Port Richey, FL ",34654,October 19th - October 31st,7:00 a.m. to 7:00 p.m.,Yes,,28.29865,-82.6726
Pasco,10,South Hoiday Library,"4649 Mile Stretch Dr, Holiday, FL ",34690,October 19th - October 31st,7:00 a.m. to 7:00 p.m.,Yes,,28.18934,-82.7368
Pasco,11,West Pasco Government Center,"8731 Citizens Dr, New Port Richey, FL ",34654,From when VBM ballots are mailed out to Election Day at 7pm,7:00 a.m. to 7:00 p.m.,Yes,Drop box will be located inside,28.2681,-82.67
Pasco,12,Wiregrass Ranch Sports Campus,"3211 Lajuana Blvd, Wesley Chapel, FL",33543,October 19th - October 31st,7:00 a.m. to 7:00 p.m.,Yes,New Early Voting location,28.20128,-82.3403
Pasco,13,Veterans Memorial Park,"14333 Hicks Rd, Hudson, FL",34669,October 19th - October 31st,7:00 a.m. to 7:00 p.m.,Yes,New Early Voting location,28.36524,-82.6517
Pasco,14,J. Ben Harrill Recreation Complex,"2830 Gulf Trace Blvd, Holiday, FL ",34691,October 19th - October 31st,7:00 a.m. to 7:00 p.m.,Yes,New Early Voting location,28.19917,-82.7671
Pasco,15,SOE - Land O'Lakes Office,"4111 Land O' Lakes Blvd, Land O' Lakes, FL",34639,From when VBM ballots are mailed out to Election Day at 7pm,8:30 a.m. to 5:00 p.m. Will be open until 7:00 pm on Election Day. ,No,Drop box will be located inside,28.21746,-82.4594
Pinellas,1,Supervisor of Elections Office: County Courthouse,"315 Court St, Room 117, Clearwater, FL",33756,From when VBM ballots are mailed out to Election Day at 7pm,"7:00 a.m. to 7:00 p.m. during early voting, 8:00 am to 5:00 pm outside of early voting; 7:00 am to 7:00 pm on election day",Yes,,27.96173,-82.8013
Pinellas,2,Supervisor of Elections Office - Election Service Center,"13001 Starkey Rd, Starkey Lakes Corporate Ctr, Largo, FL",33773,From when VBM ballots are mailed out to Election Day at 7pm,"7:00 a.m. to 7:00 p.m. during early voting, 8:00 am to 5:00 pm outside of early voting; 7:00 am to 7:00 pm on election day",Yes,,27.89015,-82.7584
Pinellas,3,Supervisor of Elections Office - County Building,"501 First Ave. N, St. Petersburg, FL",33701,From when VBM ballots are mailed out to Election Day at 7pm,"7:00 a.m. to 7:00 p.m. during early voting, 8:00 am to 5:00 pm outside of early voting; 7:00 am to 7:00 pm on election day",Yes,,27.7725,-82.6406
Pinellas,4,The Centre of Palm Harbor,"1500 16th St., Palm Harbor FL",33701,October 19th - November 2nd,7:00 a.m. to 7:00 p.m.; 8:00 am to 5:00pm on November 2nd,Yes,New Early Voting location,28.08187,-82.7571
Pinellas,5,SPC Allstate Center,"3200 34th St. S, St. Petersburg, FL",33711,October 19th - November 2nd,7:00 a.m. to 7:00 p.m.; 8:00 am to 5:00pm on November 2nd,Yes,New Early Voting location,27.73803,-82.6785
Pinellas,6,Tarpon Springs Public Library,"138 E. Lemon St, Tarpon Springs, FL",34689,October 19th - November 2nd,10:00 a.m. to 5:00 p.m. on M-F; 10:00 a.m. to 4:00 p.m. on Saturday,No,There will be election personell inside. Don't drop ballot off outside.,28.14452,-82.7554
Pinellas,7,Oldsmar Public Library,"400 St. Petersburg Dr. E., Oldsmar, FL",34677,October 19th - November 2nd,9:00 a.m. to 4:00 p.m. on Monday to Saturday,No,There will be election personell inside. Don't drop ballot off outside.,28.0332,-82.6599
Pinellas,8,St.Petersburg Main Library,"3745 9th Ave. N., St. Petersburg, FL",33713,October 19th - November 2nd,10:00 a.m. to 4:00 p.m. on Monday to Saturday,No,There will be election personell inside. Don't drop ballot off outside.,27.7815,-82.6844
Pinellas,9,East Lake Community Library,"4125 East Lake Rd., Palm Harbor, FL",34685,October 19th - November 2nd,10:00 a.m. to 4:00 p.m. on Monday to Saturday,No,There will be election personell inside. Don't drop ballot off outside.,28.11084,-82.6938
Pinellas,10,Seminole Community Library,"9200 113th St. N., Seminole, FL",33772,October 19th - November 2nd,9:00 a.m. to 4:00 p.m. on M-F; 10:00 a.m. to 4:00 p.m. on Saturday,No,There will be election personell inside. Don't drop ballot off outside.,27.85785,-82.7978
Pinellas,11,Gulfport Neighborhood Center,"1617 49th St. S., Gulfport, FL",33707,October 19th - November 2nd,8:00 a.m. to 3:00 p.m. on Monday to Friday,No,There will be election personell inside. Don't drop ballot off outside.,27.75433,-82.7003
Pinellas,12,Gulf to Bay Tax Collector Office,"1663 Gulf to Bay Blvd., Clearwater, FL",33756,October 19th - November 2nd,8:00 a.m. to 5:00 p.m. on Monday to Friday,No,There will be election personell inside. Don't drop ballot off outside.,27.95958,-82.7681
Pinellas,13,James Weldon Johnson Branch Library,"1059 18th Ave. S., St. Petersburg, FL",33705,October 19th - November 2nd,10:00 a.m. to 4:00 p.m. on M-F; 12:00 p.m. to 4:00 p.m. on Saturday,No,There will be election personell inside. Don't drop ballot off outside.,27.75262,-82.6499
Pinellas,14,North County Tax Collector Office,"29399 US Hwy. 19 N., Clearwater, FL",33761,October 19th - November 2nd,8:00 a.m. to 5:00 p.m. on Monday to Friday,No,There will be election personell inside. Don't drop ballot off outside.,28.03976,-82.737
Pinellas,15,Barbara S. Ponce Public Library,"7770 52nd St., Pinellas Park, FL",33781,October 19th - November 2nd,9:00 a.m. to 4:00 p.m. on Monday to Saturday,No,There will be election personell inside. Don't drop ballot off outside.,27.84207,-82.7046
Pinellas,16,Skyway Plaza Tax Collector Office,"1067 62nd Ave. S., St. Petersburg, FL",33705,October 19th - November 2nd,8:00 a.m. to 5:00 p.m. on Monday to Friday,No,There will be election personell inside. Don't drop ballot off outside.,27.71278,-82.6478
Pinellas,17,Safety Harbor Public Library,"101 2nd St. N., Safety Harbor, FL",34695,October 19th - November 2nd,10:00 a.m. to 5:00 p.m. on Monday to Saturday,No,There will be election personell inside. Don't drop ballot off outside.,27.99189,-82.6885
Pinellas,18,EpiCenter at St. Petersburg College,"13805 58th St. N., Clearwater, FL",33760,October 19th - November 2nd,10:00 a.m. to 5:00 p.m. on Monday to Friday,No,There will be election personell inside. Don't drop ballot off outside.,27.89715,-82.7106
Pinellas,19,Dunedin Library,"223 Douglas Ave, Dunedin, FL",34698,October 19th - November 2nd,10:00 a.m. to 5:00 p.m. on Monday to Friday,No,There will be election personell inside. Don't drop ballot off outside.,28.00199,-82.7868
Pinellas,20,Largo Public Library,"120 Central Park Dr., Largo, FL",33771,October 19th - November 2nd,10:00 a.m. to 5:00 p.m. on Monday to Saturday,No,There will be election personell inside. Don't drop ballot off outside.,27.9137,-82.7828
Pinellas,21,North Community Library,"861 70th Ave N., St. Petersburg, FL",33702,October 19th - November 2nd,10:00 a.m. to 5:00 p.m. on Monday to Saturday,No,There will be election personell inside. Don't drop ballot off outside.,27.83592,-82.6461
Pinellas,22,St. Pete Beach Public Library,"7470 Gulf Blvd., St. Pete Beach, FL",33706,October 19th - November 2nd,10:00 a.m. to 5:00 p.m. on M-F; 10:00 a.m. to 2:00 p.m. on Saturday,No,There will be election personell inside. Don't drop ballot off outside.,27.74131,-82.7523
Pinellas,23,Walter Fuller Recreation Center,"7891 26th Ave N., St. Petersburg, FL",33710,October 19th - November 2nd,10:00 a.m. to 5:00 p.m. on Monday to Friday,No,There will be election personell inside. Don't drop ballot off outside.,27.79601,-82.7482
Pinellas,24,Clearwater Countryside Library,"2642 Sabal Springs Drive, Clearwater, FL",33761,October 19th - November 2nd,10:00 a.m. to 5:00 p.m. on M-Thu; 12:00 p.m. to 5:00 p.m. on Friday and Saturday,No,There will be election personell inside. Don't drop ballot off outside.,28.02238,-82.7272
Pinellas,25,Tropicana Field,"1 Tropicana Dr., St. Petersburg, FL",33705,October 19th - November 2nd,8:00 a.m. to 5:00 p.m.,No,Drive thru available at gate 1,28.02238,-82.7272
Polk,1,Polk Street Community Center,"1255 Polk St, Bartow, FL",33830,October 19th - November 1st,7:00 a.m. to 7:00 p.m.,Yes,,27.90025,-81.8561
Polk,2,Polk County Sheriff's Office,"1100 Dunson Rd., Davenport, FL",33896,October 19th - November 1st,7:00 a.m. to 7:00 p.m.,Yes,New Early Voting location (moved),28.24519,-81.6452
Polk,3,Haines City Library,"111 N 6th St, Flagler Beach, FL ",32136,October 19th - November 1st,7:00 a.m. to 7:00 p.m.,Yes,,29.4837,-81.1296
Polk,4,Polk County Government Center,"930 E Parker St, Lakeland, FL",33801,October 19th - November 1st,7:00 a.m. to 7:00 p.m.,Yes,,28.05257,-81.946
Polk,5,Simpson Park Community Center,"1725 Martin L King Jr Ave, Lakeland, FL",33805,October 19th - November 1st,7:00 a.m. to 7:00 p.m.,Yes,,28.06885,-81.9614
Polk,6,James P. Austin Community Center,"315 Dr Martin Luther King Jr Blvd N, Lake Wales, FL",33853,October 19th - November 1st,7:00 a.m. to 7:00 p.m.,Yes,,27.90357,-81.5937
Polk,7,Mulberry Civic Center,"901 NE 5th St, Mulberry, FL",33860,October 19th - November 1st,7:00 a.m. to 7:00 p.m.,Yes,,27.89806,-81.9663
Polk,8,Poinciana Community Center,"395 Marigold Ave, Kissimmee, FL",34759,October 19th - November 1st,7:00 a.m. to 7:00 p.m.,Yes,,28.13124,-81.4698
Polk,9,Gill Jones NE Polk County Government Center,"3425 Lake Alfred Rd, Winter Haven, FL",33881,October 19th - November 1st,7:00 a.m. to 7:00 p.m.,Yes,,28.05707,-81.733
Polk,10,SOE Bartow Office,"250 S Broadway Ave, Bartow, FL",33830,From when VBM ballots are mailed out to Election Day at 7pm,24/7,No,Drop box will be located outside,27.89524,-81.8433
Polk,11,SOE Winter Haven Office,"70 Florida Citrus Blvd, Winter Haven, FL",33880,From when VBM ballots are mailed out to Election Day at 7pm,24/7,No,Drop box will be located outside,28.03009,-81.7891
Putnam,1,Elections Office,"2509 Crill Ave, Suite 900, Palatka, FL",32177,From when VBM ballots are mailed out to Election Day at 7pm,24/7,Yes,Drop box will be located outside,29.64046,-81.6575
Putnam,2,Interlachen Community Center,"135 S County Road 315 Interlachen, FL",32148,October 19th - October 31st,8:30 a.m. to 6:00 p.m.,Yes,,29.62326,-81.8871
Putnam,3,South Putnam County Government Complex,"115 N Summitt St, Crescent City, FL",32112,October 19th - October 31st,8:30 a.m. to 6:00 p.m.,Yes,,29.43217,-81.5107
Santa Rosa,1,Main Elections Office,"6495 Caroline St., Suite ""F"", Milton, FL",32570,From when VBM ballots are mailed out to Election Day at 7pm,7:00 a.m. to 7:00 p.m. during early voting; 8:00 am to 4:00pm M-F outside of early voting; 7:00 a.m. to 7:00 p.m. on election day ,Yes,Drop box will be located inside,30.61525,-87.05
Santa Rosa,2,South Service Center,"5841 Gulf Breeze Pkwy, Gulf Breeze, FL",32563,October 19th - October 31st,7:00 a.m. to 7:00 p.m.,Yes,,30.40167,-86.9794
Santa Rosa,3,Tiger Point Community Center,"1370 Tiger Park Ln,. Gulf Breeze, FL",32563,October 19th - October 31st,7:00 a.m. to 7:00 p.m.,Yes,,30.38688,-87.0595
Santa Rosa,4,Pace Community Center,"5976 Chumuckla Hwy, Pace, FL",32571,October 19th - October 31st,7:00 a.m. to 7:00 p.m.,Yes,,30.65312,-87.177
Santa Rosa,5,Santa Rosa County Auditorium,"4530 Spikes Way, Milton, FL",32583,October 19th - October 31st,7:00 a.m. to 7:00 p.m.,Yes,New Early Voting location,30.60006,-87.0715
Santa Rosa,6,Navarre Community Gym,"8840 High School Blvd., Navarre, FL",32566,October 19th - October 31st,7:00 a.m. to 7:00 p.m.,Yes,New Early Voting location,30.42404,-86.8523
Sarasota,1,Supervisor of Elections - Terrace Building,"2001 Adams Lane, Sarasota, FL",34237,From when VBM ballots are mailed out to Election Day at 7pm,8:30 a.m. to 6:30 p.m. during early voting; 8:30 a.m. to 6:30 pm M-F outside of early voting,Yes,Drop box will be located inside,27.33456,-82.531
Sarasota,2,Supervisor of Elections - R.L. Anderson Admin Building,"4000 Tamiami Trail S, Venice, FL",34293,From when VBM ballots are mailed out to Election Day at 7pm,8:30 a.m. to 6:30 p.m. during early voting; 8:30 a.m. to 6:30 pm M-F outside of early voting,Yes,Drop box will be located inside,27.04902,-82.4008
Sarasota,3,Supervisor of Elections - Biscayne Plaza,"13640 Tamiami Trail, North Port, FL",34287,From when VBM ballots are mailed out to Election Day at 7pm,8:30 a.m. to 6:30 p.m. during early voting; 8:30 a.m. to 6:30 pm M-F outside of early voting,Yes,Drop box will be located inside,27.04475,-82.2488
Sarasota,4,Sarasota Square Mall,"8201 S. Tamiami Trl, Sarasota, FL",34238,October 19th - November 1st,8:30 a.m. to 6:30 p.m.,Yes,,27.2363,-82.4906
Sarasota,5,North Sarasota Library,"2801 Newtown Blvd, Sarasota, FL",34234,October 19th - November 1st,8:30 a.m. to 6:30 p.m.,Yes,,27.3604,-82.5248
Sarasota,6,Fruitville Library,"100 Apex Rd., Sarasota, FL",34240,October 19th - November 1st,8:30 a.m. to 6:30 p.m.,Yes,New Early Voting location,27.33772,-82.4391
Sarasota,7,Shannon Staub Library,"4675 Career Lane, North Port, FL",34289,October 19th - November 1st,8:30 a.m. to 6:30 p.m.,Yes,New Early Voting location,27.09567,-82.1575
Sarasota,8,Bee Ridge Park ,"4430 S. Lockwood Ridge Rd, Sarasota, FL",34231,October 19th - November 1st,8:30 a.m. to 6:30 p.m.,Yes,New Early Voting location,27.29056,-82.5068
Seminole,1,Supervisor of Elections,"1500 E Airport Blvd, Sanford, FL",32773,From when VBM ballots are mailed out to Election Day at 7pm,7:00 a.m. to 7:00 p.m. during early voting; 8:00 a.m. to 5:00 p.m. M-F outside of early voting; 7:00 am to 7 pm on election day,Yes,,28.77173,-81.2555
Seminole,2,Casselberry Library,"215 N Oxford Rd, Casselberry, FL",32707,October 19th - November 1st,7:00 a.m. to 7:00 p.m.,Yes,,28.66143,-81.3349
Seminole,3,Oviedo Aquatic Center,"148 Oviedo Blvd, Oviedo, FL",32765,October 19th - November 1st,7:00 a.m. to 7:00 p.m.,Yes,,28.66771,-81.2018
Seminole,4,Sanford Library,"150 N Palmetto Ave, Sanford, FL",32771,October 19th - November 1st,7:00 a.m. to 7:00 p.m.,Yes,,28.81232,-81.2664
Seminole,5,Wekiva Library,"245 N Hunt Club Blvd, Longwood, FL",32779,October 19th - November 1st,7:00 a.m. to 7:00 p.m.,Yes,,28.69403,-81.446
Seminole,6,Lake Mary Library,"580 Green Way Blvd, Lake Mary, FL",32746,October 19th - November 1st,7:00 a.m. to 7:00 p.m.,Yes,,28.73404,-81.3395
Seminole,7,Oviedo Library,"310 N Division St, Oviedo, FL",32765,October 19th - November 1st,7:00 a.m. to 7:00 p.m.,Yes,,28.67515,-81.204
Seminole,8,Altamonte Springs (Suite 1003) ,"1140 Altamonte Springs Dr., Altamonte Springs, FL",32701,October 19th - November 1st,7:00 a.m. to 7:00 p.m.,Yes,New Early Voting location,28.66268,-81.3521
St. Johns,1,St. Johns Convention Center at World Golf Village,"500 S Legacy Trail, St. Augustine, FL",32092,October 19th - October 31st,8:00 a.m. to 6:00 p.m.,Yes,,29.98996,-81.4682
St. Johns,2,Shoppes of St Johns,"120 Shops Blvd, St Johns, FL",32259,October 19th - October 31st,8:00 a.m. to 6:00 p.m.,Yes,,30.06151,-81.5329
St. Johns,3,Supervisor of Elections Office,"4455 Avenue A, #101, St. Augustine, FL",32095,From when VBM ballots are mailed out to Election Day at 7pm,24/7,Yes,Drop box is located outside. ,29.94215,-81.3374
St. Johns,4,St. Johns County Service Center,"725 Flora Branch Boulevard, Saint Johns, FL",32259,October 19th - October 31st,8:00 a.m. to 6:00 p.m.,Yes,,30.11705,-81.5908
St. Johns,5,Ponte Vedra Branch Library,"101 Library Boulevard, Ponte Vedra Beach, FL",32082,October 19th - October 31st,8:00 a.m. to 6:00 p.m.,Yes,,30.22456,-81.3852
St. Johns,6,Southeast Branch Library,"6670 US 1 South, St. Augustine, FL.",32086,October 19th - October 31st,8:00 a.m. to 6:00 p.m.,Yes,,29.75895,-81.3116
St. Johns,7,St. Augustine Beach City Hall,"2200 A1A South, St. Augustine, FL",32080,October 19th - October 31st,8:00 a.m. to 6:00 p.m.,Yes,,29.83472,-81.2747
St. Johns,8,W.E. Harris Community Center,"400 E. Harris Street, Hastings, FL",32145,October 19th - October 31st,8:00 a.m. to 6:00 p.m.,Yes,,29.72436,-81.505
St. Johns,9,TBD,TBD,TBD,October 19th - October 31st,8:00 a.m. to 6:00 p.m.,Yes,New Early Voting location,0,0
St. Johns,10,TBD,TBD,TBD,October 19th - October 31st,8:00 a.m. to 6:00 p.m.,Yes,New Early Voting location,0,0
St. Lucie,1,Orange Blossom Business Center/ Main SOE office,"4132 Okeechobee Road, Fort Pierce, FL",34947,From when VBM ballots are mailed out to Election Day at 7pm,24/7,Yes,There will be two drop boxes: one inside and one outside,27.42729,-80.369
St. Lucie,2,Zora Neale Hurston Library,"3008 Avenue D, Fort Pierce, FL",34947,October 19th - November 1st,8:00 a.m. to 6:00 p.m. from 10/19 to 10/31; 7:00 am to 3pm on 11/1,Yes,,27.4532,-80.3559
St. Lucie,3,Port St. Lucie Community Center,"2195 SE Airoso Blvd, Port St. Lucie, FL",34984,October 19th - November 1st,8:00 a.m. to 6:00 p.m. from 10/19 to 10/31; 7:00 am to 3pm on 11/1,Yes,,27.27525,-80.3412
St. Lucie,4,Port St. Lucie Civic Center,"9221 SE Civic Center Pl, Port St. Lucie, FL",34952,October 19th - November 1st,8:00 a.m. to 6:00 p.m. from 10/19 to 10/31; 7:00 am to 3pm on 11/1,Yes,,27.29733,-80.2986
St. Lucie,5,Paula A. Lewis Library,"2950 SW Rosser Blvd, Port St. Lucie, FL",34953,October 19th - November 1st,8:00 a.m. to 6:00 p.m. from 10/19 to 10/31; 7:00 am to 3pm on 11/1,Yes,,27.25632,-80.4002
St. Lucie,6,St. Lucie West South County Annex/ SOE Office ,"250 NW Country Club Dr., Port St. Lucie, FL",34986,From when VBM ballots are mailed out to Election Day at 7pm,24/7,No,There will be two drop boxes: one inside and one outside,27.31607,-80.3975
St. Lucie,7,Walton Rd County Admin Annex/SOE office,"1664 SE Walton Rd., Port St. Lucie, FL ",34952,From when VBM ballots are mailed out to Election Day at 7pm,24/7,No,There will be two drop boxes: one inside and one outside,27.29862,-80.2988
St. Lucie,8,Tax collectors office/SOE office,"10264 SW Village Pkwy, Port St. Lucie, FL",34987,From when VBM ballots are mailed out to Election Day at 7pm,24/7,No,There will be two drop boxes: one inside and one outside,27.27682,-80.4306
Sumter,1,"Laurel Manor Recreation Center,","1985 Laurel Manor Drive, The Villages, FL",32162,October 20th - October 31st,9:00 a.m. to 6:00 p.m.,Yes,,28.92666,-82.0024
Sumter,2,Allamanda Recreation Center,"1515 Saint Charles Place, The Villages, FL",32162,October 20th - October 31st,9:00 a.m. to 6:00 p.m.,Yes,,28.88525,-81.9892
Sumter,3,Rohan Recreation Center,"850 Kristine Way, The Villages, FL",34785,October 20th - October 31st,9:00 a.m. to 6:00 p.m.,Yes,,28.82442,-81.9715
Sumter,4,Tierra Del Sol Recreation Center,"808 San Marino Drive, The Villages, FL",32159,October 20th - October 31st,9:00 a.m. to 6:00 p.m.,Yes,,28.9347,-81.9713
Sumter,5,Villages Sumter County Service Center/SOE office,"7375 Powell Road, Wildwood, FL",34785,From when VBM ballots are mailed out to Election Day at 5pm,9:00 a.m. to 6:00 p.m. during early voting; 8:00am to 5:00 pm before and after early voting,Yes,Drop box is located inside,28.86288,-82.0184
Sumter,6,Bushnell Elections Annex/SOE office,"316 East Anderson Avenue, Bushnell, FL",33513,From when VBM ballots are mailed out to Election Day at 7pm,9:00 a.m. to 6:00 p.m. during early voting; 8:00am to 5:00 pm before and after early voting; 7:00am to 7:00pm on election night,Yes,Drop box is located inside,28.6636,-82.1065
Suwannee,1,Jo Kennon Public Library,"10655 Dowling Park Dr, Dowling Park, FL",32060,From when VBM ballots are mailed out to Election Day at 7pm,24/7,Yes,Drop box is located outside,30.2561,-83.232
Suwannee,2,Judicail Annex,"218 Parshley St, Live Oak, FL",32064,October 24th - November 1st,8:30 am to 4:30 pm,Yes,,30.29411,-82.987
Suwannee,3,Robert Leonard Public Library,"703 NW Suwannee Ave, Branford, FL",32008,October 24th - November 1st,8:30 am to 4:30 pm,Yes,,29.9631,-82.931
Taylor,1,Supervisor of Elections Office,"433 U S 19 North, Perry, FL",32347,From when VBM ballots are mailed out to Election Day at 7pm,24/7,Yes,There will be two drop boxes: one inside and one outside ,30.12238,-83.5936
Union,1,Supervisor of Elections Office,"175 W. Main St., Lake Butler, FL",32054,From when VBM ballots are mailed out to Election Day at 7pm,24/7,Yes,Drop box is located outside,30.0231,-82.3396
Volusia,1,Department of Elections Office,"1750 S. Woodland Boulevard, (Victoria Square), Deland, FL",32720,From when VBM ballots are mailed out to Election Day at 7pm,24/7,Yes,Drop box is located outside,28.99718,-81.3045
Volusia,2,Deltona City Commission Chambers,"2345 Providence Boulevard, Deltona, FL",32725,October 19th - November 1st,7:00 a.m. to 7:00 p.m.,Yes,Drive-thru available,28.92766,-81.2218
Volusia,3,Volusia County Library Center at City Island,"105 E. Magnolia Avenue, Daytona Beach, FL",32114,October 19th - November 1st,7:00 a.m. to 7:00 p.m.,Yes,Drive-thru available,29.21231,-81.0174
Volusia,4,Port Orange Regional Library,"1005 City Center Circle, Port Orange, FL",32129,October 19th - November 1st,7:00 a.m. to 7:00 p.m.,Yes,Drive-thru available,29.12545,-81.0207
Volusia,5,Ormond Beach Regional Library,"30 S. Beach Street, Ormond Beach, FL",32174,October 19th - November 1st,7:00 a.m. to 7:00 p.m.,Yes,Drive-thru available,29.28463,-81.0555
Volusia,6,New Smyrna Beach Regional Library,"1001 S. Dixie Freeway, New Smyrna Beach, FL  ",32168,October 19th - November 1st,7:00 a.m. to 7:00 p.m.,Yes,Drive-thru available,29.04012,-80.9334
Wakulla,1,Supervisor of Elections Office,"3115 B Crawfordville Hwy, Crawfordville, Fl",32327,From when VBM ballots are mailed out to Election Day at 7pm,24/7,Yes,Drop box is located outside,30.17372,-84.375
Walton,1,Walton County Courthouse/SOE office,"571 US Hwy 90 E, Defuniak Springs FL",32433,From when VBM ballots are mailed out to Election Day at 7pm,24/7,Yes,Drop box is located outside,30.72186,-86.1112
Walton,2,Freeport City Hall,"112 St Hwy 20 W, Freeport, FL",32439,October 24th - October 31st,8:30 a.m. to 4:30 p.m. on M-S; 1:00 p.m. to 9:00 p.m. on Sundays,Yes,,30.49921,-86.1377
Walton,3,Faith Assembly Church,"306 S Geronimo St, Miramar Beach, FL",32550,October 24th - October 31st,8:30 a.m. to 4:30 p.m. on M-S; 1:00 p.m. to 9:00 p.m. on Sundays,Yes,,30.379,-86.3605
Walton,4,Walton County Courthouse Annex/SOE Office,"31 Coastal Centre Blvd, Santa Rosa Beach, FL",32459,From when VBM ballots are mailed out to Election Day at 7pm,24/7,Yes,Drop box is located outside,30.37463,-86.1803
Washington,1,Supervisor of Elections Office,"1331 South Blvd, #900, Chipley, FL",32428,From when VBM ballots are mailed out to Election Day at 7pm,24/7,Yes,Drop box is located outside,30.77185,-85.5434
Washington,2,Vernon City Hall ,"2808 Yellow Jacket Dr, Vernon, FL",32462,October 19th - October 31st,24/7,Yes,Drop box is located outside,30.62519,-85.7145
